series,legacy_20240705_rows,udiff_20240708_rows
EQ,1906,1909
SM,278,275
BE,262,276
GB,58,54
GS,46,38
ST,31,31
BZ,16,35
TB,20,25
N6,12,12
N5,10,11
N2,9,10
NA,9,7
N8,7,6
N4,7,5
N7,5,7
NC,6,6
N0,6,5
IV,5,6
E1,5,5
N3,6,4
N9,5,4
RR,4,4
SG,1,7
ND,4,4
NJ,4,3
NE,4,3
N1,1,6
NO,2,4
NF,3,3
NN,2,3
NH,2,2
NG,2,2
NS,2,2
NL,2,2
NI,1,2
NW,1,2
NK,2,1
P1,1,2
NB,1,2
ZF,1,1
NV,1,1
NU,1,1
NZ,1,1
Y3,1,1
YZ,1,1
SZ,1,1
BC,1,1
NR,1,1
AY,1,1
W1,1,1
ZB,0,2
Z4,1,1
BF,1,1
YP,1,1
Z5,2,0
YC,0,1
NP,0,1
BL,0,1
ZH,0,1
NT,1,0
YI,0,1
YG,0,1
NX,1,0
Y0,1,0
Z9,0,1
ZR,0,1
NM,1,0
AT,0,1
AP,1,0
YW,1,0
ZD,1,0
Z2,0,1
Y1,1,0
AX,0,1
YV,1,0
YL,1,0
AV,0,1
Z8,0,1
AB,0,1
AG,1,0
