series,provisional_class,total_obs,legacy_obs,udiff_obs,legacy_days,udiff_days,first_seen,last_seen,legacy_first,legacy_last,udiff_first,udiff_last,max_rows_per_day,format_presence,classification_basis
EQ,EQUITY_COMMON,4272478,3084035,1188443,1919,543,2016-09-20,2026-09-18,2016-09-20,2024-07-05,2024-07-08,2026-09-18,2652,BOTH,NSE legend: fully paid equity shares/ETFs (rolling). Legend row explicitly includes ETFs.
BE,EQUITY_T2T_RIGHTS_AMBIGUOUS,428831,304573,124258,1919,543,2016-09-20,2026-09-18,2016-09-20,2024-07-05,2024-07-08,2026-09-18,392,BOTH,NSE legend dual use: fully-paid equity T2T variant AND Rights Entitlement. Row-level disambiguation required.
SM,EQUITY_SME,322583,159729,162854,1919,543,2016-09-20,2026-09-18,2016-09-20,2024-07-05,2024-07-08,2026-09-18,439,BOTH,NSE legend: fully paid equity shares SME (rolling).
GB,NON_EQUITY_GOLD_BOND,87693,61154,26539,1919,543,2016-09-20,2026-09-18,2016-09-20,2024-07-05,2024-07-08,2026-09-18,64,BOTH,NSE legend: Gold Bond (incl. Sovereign Gold Bonds).
ST,EQUITY_SME_T2T,64914,6717,58197,1094,543,2018-03-28,2026-09-18,2018-03-28,2024-07-05,2024-07-08,2026-09-18,179,BOTH,"NSE legend: SME equity T2T variants. Corpus shows a large ST distribution discontinuity at the format transition; cause unresolved (distribution change observed, not a proven semantic break)."
BZ,EQUITY_T2T,64813,48882,15931,1919,543,2016-09-20,2026-09-18,2016-09-20,2024-07-05,2024-07-08,2026-09-18,69,BOTH,NSE legend: mainboard equity/ETF moved to Trade-for-Trade (Z category).
GS,NON_EQUITY_GOVT_SEC,42225,17294,24931,1211,543,2018-12-26,2026-09-18,2018-12-26,2024-07-05,2024-07-08,2026-09-18,65,BOTH,NSE legend: Government Securities.
N6,NON_EQUITY_CORP_BOND_NC,27651,22718,4933,1919,543,2016-09-20,2026-09-18,2016-09-20,2024-07-05,2024-07-08,2026-09-18,21,BOTH,NSE legend: non-convertible debt instruments (rolling); N@/Y@/Z@/A@ per-issue letter series.
N2,NON_EQUITY_CORP_BOND_NC,25360,20419,4941,1919,543,2016-09-20,2026-09-18,2016-09-20,2024-07-05,2024-07-08,2026-09-18,18,BOTH,NSE legend: non-convertible debt instruments (rolling); N@/Y@/Z@/A@ per-issue letter series.
N4,NON_EQUITY_CORP_BOND_NC,19388,16171,3217,1919,543,2016-09-20,2026-09-18,2016-09-20,2024-07-05,2024-07-08,2026-09-18,18,BOTH,NSE legend: non-convertible debt instruments (rolling); N@/Y@/Z@/A@ per-issue letter series.
N5,NON_EQUITY_CORP_BOND_NC,18967,14888,4079,1919,543,2016-09-20,2026-09-18,2016-09-20,2024-07-05,2024-07-08,2026-09-18,15,BOTH,NSE legend: non-convertible debt instruments (rolling); N@/Y@/Z@/A@ per-issue letter series.
TB,NON_EQUITY_TREASURY_BILL,16012,8620,7392,491,543,2021-06-16,2026-09-18,2021-06-16,2024-07-05,2024-07-08,2026-09-18,49,BOTH,NSE legend: Treasury Bills.
N1,NON_EQUITY_CORP_BOND_NC,15826,11048,4778,1919,543,2016-09-20,2026-09-18,2016-09-20,2024-07-05,2024-07-08,2026-09-18,20,BOTH,NSE legend: non-convertible debt instruments (rolling); N@/Y@/Z@/A@ per-issue letter series.
N8,NON_EQUITY_CORP_BOND_NC,15606,12397,3209,1919,543,2016-09-20,2026-09-18,2016-09-20,2024-07-05,2024-07-08,2026-09-18,11,BOTH,NSE legend: non-convertible debt instruments (rolling); N@/Y@/Z@/A@ per-issue letter series.
NA,NON_EQUITY_CORP_BOND_NC,13895,10229,3666,1919,543,2016-09-20,2026-09-18,2016-09-20,2024-07-05,2024-07-08,2026-09-18,13,BOTH,NSE legend: non-convertible debt instruments (rolling); N@/Y@/Z@/A@ per-issue letter series.
N3,NON_EQUITY_CORP_BOND_NC,13776,11331,2445,1919,542,2016-09-20,2026-09-18,2016-09-20,2024-07-05,2024-07-08,2026-09-18,13,BOTH,NSE legend: non-convertible debt instruments (rolling); N@/Y@/Z@/A@ per-issue letter series.
NE,NON_EQUITY_CORP_BOND_NC,12534,9617,2917,1918,543,2016-09-20,2026-09-18,2016-09-20,2024-07-05,2024-07-08,2026-09-18,9,BOTH,NSE legend: non-convertible debt instruments (rolling); N@/Y@/Z@/A@ per-issue letter series.
N7,NON_EQUITY_CORP_BOND_NC,12161,9019,3142,1919,543,2016-09-20,2026-09-18,2016-09-20,2024-07-05,2024-07-08,2026-09-18,12,BOTH,NSE legend: non-convertible debt instruments (rolling); N@/Y@/Z@/A@ per-issue letter series.
N9,NON_EQUITY_CORP_BOND_NC,10290,7827,2463,1919,543,2016-09-20,2026-09-18,2016-09-20,2024-07-05,2024-07-08,2026-09-18,9,BOTH,NSE legend: non-convertible debt instruments (rolling); N@/Y@/Z@/A@ per-issue letter series.
ND,NON_EQUITY_CORP_BOND_NC,9975,7481,2494,1891,543,2016-09-20,2026-09-18,2016-09-20,2024-07-05,2024-07-08,2026-09-18,9,BOTH,NSE legend: non-convertible debt instruments (rolling); N@/Y@/Z@/A@ per-issue letter series.
NC,NON_EQUITY_CORP_BOND_NC,9157,6663,2494,1914,542,2016-09-20,2026-09-18,2016-09-20,2024-07-05,2024-07-08,2026-09-18,10,BOTH,NSE legend: non-convertible debt instruments (rolling); N@/Y@/Z@/A@ per-issue letter series.
IV,NON_EQUITY_INVIT,8897,4531,4366,1758,543,2017-05-18,2026-09-18,2017-05-18,2024-07-05,2024-07-08,2026-09-18,16,BOTH,NSE legend: InvIT units (IV rolling / ID T2T). CAUTION: first corpus IV sighting 2017-05-18 predates NSE InvIT listings; possible earlier different meaning (code reuse).
MF,NON_EQUITY_MUTUAL_FUND,8433,8216,217,1476,201,2016-09-20,2026-08-25,2016-09-20,2024-06-24,2024-07-24,2026-08-25,17,BOTH,NSE legend: close-ended mutual fund units (rolling).
NJ,NON_EQUITY_CORP_BOND_NC,8321,6531,1790,1901,543,2016-09-20,2026-09-18,2016-09-20,2024-07-05,2024-07-08,2026-09-18,7,BOTH,NSE legend: non-convertible debt instruments (rolling); N@/Y@/Z@/A@ per-issue letter series.
NB,NON_EQUITY_CORP_BOND_NC,7527,6027,1500,1868,533,2016-09-20,2026-09-18,2016-09-20,2024-07-05,2024-07-08,2026-09-18,8,BOTH,NSE legend: non-convertible debt instruments (rolling); N@/Y@/Z@/A@ per-issue letter series.
E1,EQUITY_PARTLYPAID,7446,4395,3051,1551,543,2018-03-19,2026-09-18,2018-03-19,2024-07-05,2024-07-08,2026-09-18,11,BOTH,"NSE legend: partly paid equity shares (rolling), E@."
NF,NON_EQUITY_CORP_BOND_NC,7362,5606,1756,1849,543,2016-09-20,2026-09-18,2016-09-20,2024-07-05,2024-07-08,2026-09-18,8,BOTH,NSE legend: non-convertible debt instruments (rolling); N@/Y@/Z@/A@ per-issue letter series.
N0,NON_EQUITY_CORP_BOND_NC,7144,1044,6100,351,542,2023-01-02,2026-09-18,2023-01-02,2024-07-05,2024-07-08,2026-09-18,32,BOTH,NSE legend: non-convertible debt instruments (rolling); N@/Y@/Z@/A@ per-issue letter series.
NH,NON_EQUITY_CORP_BOND_NC,6401,5241,1160,1838,506,2016-09-20,2026-09-17,2016-09-20,2024-07-05,2024-07-08,2026-09-17,7,BOTH,NSE legend: non-convertible debt instruments (rolling); N@/Y@/Z@/A@ per-issue letter series.
NL,NON_EQUITY_CORP_BOND_NC,6235,5121,1114,1885,533,2016-09-20,2026-09-18,2016-09-20,2024-07-05,2024-07-08,2026-09-18,7,BOTH,NSE legend: non-convertible debt instruments (rolling); N@/Y@/Z@/A@ per-issue letter series.
RR,NON_EQUITY_REIT,5901,3372,2529,1296,543,2019-04-01,2026-09-18,2019-04-01,2024-07-05,2024-07-08,2026-09-18,6,BOTH,NSE legend: REIT units (RR rolling / RT T2T).
NO,NON_EQUITY_CORP_BOND_NC,5720,4877,843,1898,502,2016-09-20,2026-09-18,2016-09-20,2024-07-05,2024-07-08,2026-09-18,7,BOTH,NSE legend: non-convertible debt instruments (rolling); N@/Y@/Z@/A@ per-issue letter series.
NI,NON_EQUITY_CORP_BOND_NC,4915,4131,784,1733,481,2016-09-22,2026-09-18,2016-09-22,2024-07-05,2024-07-08,2026-09-18,6,BOTH,NSE legend: non-convertible debt instruments (rolling); N@/Y@/Z@/A@ per-issue letter series.
NN,NON_EQUITY_CORP_BOND_NC,4425,3257,1168,1656,526,2016-09-20,2026-09-18,2016-09-20,2024-07-05,2024-07-08,2026-09-18,6,BOTH,NSE legend: non-convertible debt instruments (rolling); N@/Y@/Z@/A@ per-issue letter series.
NG,NON_EQUITY_CORP_BOND_NC,4346,3709,637,1701,417,2016-09-21,2026-09-18,2016-09-21,2024-07-05,2024-07-08,2026-09-18,6,BOTH,NSE legend: non-convertible debt instruments (rolling); N@/Y@/Z@/A@ per-issue letter series.
NK,NON_EQUITY_CORP_BOND_NC,4161,3257,904,1720,520,2016-09-21,2026-09-18,2016-09-21,2024-07-05,2024-07-08,2026-09-18,5,BOTH,NSE legend: non-convertible debt instruments (rolling); N@/Y@/Z@/A@ per-issue letter series.
NS,NON_EQUITY_CORP_BOND_NC,3736,2733,1003,1532,535,2016-09-21,2026-09-18,2016-09-21,2024-07-05,2024-07-08,2026-09-18,5,BOTH,NSE legend: non-convertible debt instruments (rolling); N@/Y@/Z@/A@ per-issue letter series.
SG,NON_EQUITY_SDL,3496,881,2615,329,511,2020-11-18,2026-09-18,2020-11-18,2024-07-05,2024-07-08,2026-09-18,43,BOTH,NSE legend: State Development Loans.
NP,NON_EQUITY_CORP_BOND_NC,3011,2896,115,1817,113,2016-09-20,2026-08-21,2016-09-20,2024-07-04,2024-07-08,2026-08-21,4,BOTH,NSE legend: non-convertible debt instruments (rolling); N@/Y@/Z@/A@ per-issue letter series.
NQ,NON_EQUITY_CORP_BOND_NC,2824,2663,161,1418,151,2017-08-23,2026-01-07,2017-08-23,2024-07-03,2024-07-12,2026-01-07,5,BOTH,NSE legend: non-convertible debt instruments (rolling); N@/Y@/Z@/A@ per-issue letter series.
BL,OVERLAY_BLOCK_DEALS,2806,1950,856,540,279,2016-09-20,2026-09-18,2016-09-20,2024-06-28,2024-07-08,2026-09-18,313,BOTH,NSE legend: Block Deals sub-segment. D02 aggregate evidence: BL rows account for the per-file ISIN-deficit pattern; whether they repeat the base security's ISIN or leave it blank is unresolved (D02-Q1).
NM,NON_EQUITY_CORP_BOND_NC,2676,1894,782,1288,462,2016-10-04,2026-09-18,2016-10-04,2024-07-05,2024-07-24,2026-09-18,5,BOTH,NSE legend: non-convertible debt instruments (rolling); N@/Y@/Z@/A@ per-issue letter series.
NR,NON_EQUITY_CORP_BOND_NC,2532,1839,693,1446,520,2016-10-18,2026-09-18,2016-10-18,2024-07-05,2024-07-08,2026-09-18,4,BOTH,NSE legend: non-convertible debt instruments (rolling); N@/Y@/Z@/A@ per-issue letter series.
P1,EQUITY_LINKED_PREFERRED_NC,2445,1804,641,1258,508,2016-09-21,2026-08-20,2016-09-21,2024-07-05,2024-07-08,2026-08-20,3,BOTH,"NSE legend: non-convertible preference shares (rolling), P@."
NU,NON_EQUITY_CORP_BOND_NC,2444,2146,298,1502,263,2016-09-20,2026-09-17,2016-09-20,2024-07-05,2024-07-08,2026-09-17,4,BOTH,NSE legend: non-convertible debt instruments (rolling); N@/Y@/Z@/A@ per-issue letter series.
P2,EQUITY_LINKED_PREFERRED_NC,2185,2185,0,1339,0,2016-09-20,2022-02-23,2016-09-20,2022-02-23,,,2,LEGACY_ONLY,"NSE legend: non-convertible preference shares (rolling), P@."
Y1,NON_EQUITY_CORP_BOND_NC,2154,1787,367,1332,319,2016-09-22,2026-09-17,2016-09-22,2024-07-05,2024-07-09,2026-09-17,3,BOTH,NSE legend: non-convertible debt instruments (rolling); N@/Y@/Z@/A@ per-issue letter series.
NX,NON_EQUITY_CORP_BOND_NC,2118,1732,386,1391,291,2016-09-21,2026-09-18,2016-09-21,2024-07-05,2024-07-09,2026-09-18,4,BOTH,NSE legend: non-convertible debt instruments (rolling); N@/Y@/Z@/A@ per-issue letter series.
NZ,NON_EQUITY_CORP_BOND_NC,1943,1166,777,934,490,2016-09-21,2026-09-18,2016-09-21,2024-07-05,2024-07-08,2026-09-18,4,BOTH,NSE legend: non-convertible debt instruments (rolling); N@/Y@/Z@/A@ per-issue letter series.
Y9,NON_EQUITY_CORP_BOND_NC,1897,1814,83,1323,83,2016-09-20,2026-09-18,2016-09-20,2023-12-14,2026-03-10,2026-09-18,3,BOTH,NSE legend: non-convertible debt instruments (rolling); N@/Y@/Z@/A@ per-issue letter series.
NW,NON_EQUITY_CORP_BOND_NC,1757,1486,271,1158,228,2016-09-20,2026-08-17,2016-09-20,2024-07-05,2024-07-08,2026-08-17,4,BOTH,NSE legend: non-convertible debt instruments (rolling); N@/Y@/Z@/A@ per-issue letter series.
Y5,NON_EQUITY_CORP_BOND_NC,1649,1395,254,1072,219,2016-11-10,2026-09-15,2016-11-10,2024-07-04,2024-07-09,2026-09-15,3,BOTH,NSE legend: non-convertible debt instruments (rolling); N@/Y@/Z@/A@ per-issue letter series.
NY,NON_EQUITY_CORP_BOND_NC,1537,1415,122,1027,120,2016-10-18,2026-09-17,2016-10-18,2024-07-04,2024-07-31,2026-09-17,3,BOTH,NSE legend: non-convertible debt instruments (rolling); N@/Y@/Z@/A@ per-issue letter series.
YI,NON_EQUITY_CORP_BOND_NC,1497,1119,378,1047,360,2018-04-10,2026-09-18,2018-04-10,2024-07-04,2024-07-08,2026-09-18,3,BOTH,NSE legend: non-convertible debt instruments (rolling); N@/Y@/Z@/A@ per-issue letter series.
YL,NON_EQUITY_CORP_BOND_NC,1428,1088,340,1066,340,2018-07-17,2026-09-17,2018-07-17,2024-07-05,2024-07-10,2026-09-17,2,BOTH,NSE legend: non-convertible debt instruments (rolling); N@/Y@/Z@/A@ per-issue letter series.
Y3,NON_EQUITY_CORP_BOND_NC,1400,1241,159,1042,151,2016-09-21,2026-08-31,2016-09-21,2024-07-05,2024-07-08,2026-08-31,3,BOTH,NSE legend: non-convertible debt instruments (rolling); N@/Y@/Z@/A@ per-issue letter series.
YK,NON_EQUITY_CORP_BOND_NC,1294,1231,63,1118,63,2018-03-27,2026-09-16,2018-03-27,2024-07-03,2024-07-09,2026-09-16,2,BOTH,NSE legend: non-convertible debt instruments (rolling); N@/Y@/Z@/A@ per-issue letter series.
Y7,NON_EQUITY_CORP_BOND_NC,1268,1159,109,976,97,2016-09-21,2026-09-18,2016-09-21,2024-04-29,2024-10-17,2026-09-18,2,BOTH,NSE legend: non-convertible debt instruments (rolling); N@/Y@/Z@/A@ per-issue letter series.
NV,NON_EQUITY_CORP_BOND_NC,1199,835,364,706,287,2016-10-13,2026-09-16,2016-10-13,2024-07-05,2024-07-08,2026-09-16,3,BOTH,NSE legend: non-convertible debt instruments (rolling); N@/Y@/Z@/A@ per-issue letter series.
NT,NON_EQUITY_CORP_BOND_NC,1180,714,466,588,364,2016-09-23,2026-09-18,2016-09-23,2024-07-05,2024-07-15,2026-09-18,4,BOTH,NSE legend: non-convertible debt instruments (rolling); N@/Y@/Z@/A@ per-issue letter series.
YH,NON_EQUITY_CORP_BOND_NC,1151,1142,9,1037,9,2018-04-19,2026-08-25,2018-04-19,2023-06-23,2025-09-10,2026-08-25,2,BOTH,NSE legend: non-convertible debt instruments (rolling); N@/Y@/Z@/A@ per-issue letter series.
Y8,NON_EQUITY_CORP_BOND_NC,1146,1049,97,962,90,2016-09-23,2026-09-18,2016-09-23,2024-06-24,2024-07-11,2026-09-18,2,BOTH,NSE legend: non-convertible debt instruments (rolling); N@/Y@/Z@/A@ per-issue letter series.
YV,NON_EQUITY_CORP_BOND_NC,1095,1066,29,991,29,2019-02-12,2026-09-16,2019-02-12,2024-07-05,2024-07-25,2026-09-16,2,BOTH,NSE legend: non-convertible debt instruments (rolling); N@/Y@/Z@/A@ per-issue letter series.
YR,NON_EQUITY_CORP_BOND_NC,957,835,122,800,116,2018-11-26,2026-08-10,2018-11-26,2024-07-04,2024-07-10,2026-08-10,2,BOTH,NSE legend: non-convertible debt instruments (rolling); N@/Y@/Z@/A@ per-issue letter series.
YO,NON_EQUITY_CORP_BOND_NC,955,867,88,861,88,2018-07-24,2026-03-10,2018-07-24,2024-06-14,2024-07-23,2026-03-10,2,BOTH,NSE legend: non-convertible debt instruments (rolling); N@/Y@/Z@/A@ per-issue letter series.
DR,NON_EQUITY_CORP_BOND_FC,918,918,0,918,0,2016-09-20,2020-06-17,2016-09-20,2020-06-17,,,1,LEGACY_ONLY,"NSE legend: fully convertible debt instruments (rolling), D@."
YW,NON_EQUITY_CORP_BOND_NC,902,593,309,592,293,2019-02-11,2026-09-17,2019-02-11,2024-07-05,2024-07-16,2026-09-17,2,BOTH,NSE legend: non-convertible debt instruments (rolling); N@/Y@/Z@/A@ per-issue letter series.
Y6,NON_EQUITY_CORP_BOND_NC,885,763,122,660,122,2016-10-28,2026-09-18,2016-10-28,2024-07-04,2024-07-09,2026-09-18,3,BOTH,NSE legend: non-convertible debt instruments (rolling); N@/Y@/Z@/A@ per-issue letter series.
YP,NON_EQUITY_CORP_BOND_NC,879,605,274,568,269,2018-11-12,2026-09-18,2018-11-12,2024-07-05,2024-07-08,2026-09-18,2,BOTH,NSE legend: non-convertible debt instruments (rolling); N@/Y@/Z@/A@ per-issue letter series.
YZ,NON_EQUITY_CORP_BOND_NC,877,650,227,609,215,2019-02-25,2026-09-18,2019-02-25,2024-07-05,2024-07-08,2026-09-18,2,BOTH,NSE legend: non-convertible debt instruments (rolling); N@/Y@/Z@/A@ per-issue letter series.
YM,NON_EQUITY_CORP_BOND_NC,862,684,178,612,165,2018-03-23,2026-09-15,2018-03-23,2024-07-04,2024-07-18,2026-09-15,2,BOTH,NSE legend: non-convertible debt instruments (rolling); N@/Y@/Z@/A@ per-issue letter series.
YN,NON_EQUITY_CORP_BOND_NC,832,781,51,770,51,2018-07-24,2025-04-03,2018-07-24,2024-07-02,2024-07-09,2025-04-03,2,BOTH,NSE legend: non-convertible debt instruments (rolling); N@/Y@/Z@/A@ per-issue letter series.
SZ,EQUITY_SME_T2T,827,347,480,235,364,2019-12-10,2026-09-18,2019-12-10,2024-07-05,2024-07-08,2026-09-18,5,BOTH,"NSE legend: SME equity T2T variants. Corpus shows a large ST distribution discontinuity at the format transition; cause unresolved (distribution change observed, not a proven semantic break)."
YS,NON_EQUITY_CORP_BOND_NC,820,621,199,621,199,2018-11-22,2026-09-18,2018-11-22,2024-07-04,2024-07-09,2026-09-18,1,BOTH,NSE legend: non-convertible debt instruments (rolling); N@/Y@/Z@/A@ per-issue letter series.
YT,NON_EQUITY_CORP_BOND_NC,810,621,189,621,174,2018-11-19,2026-09-18,2018-11-19,2024-07-04,2024-07-15,2026-09-18,2,BOTH,NSE legend: non-convertible debt instruments (rolling); N@/Y@/Z@/A@ per-issue letter series.
YB,NON_EQUITY_CORP_BOND_NC,808,791,17,747,17,2016-09-22,2026-09-18,2016-09-22,2023-05-09,2026-03-18,2026-09-18,2,BOTH,NSE legend: non-convertible debt instruments (rolling); N@/Y@/Z@/A@ per-issue letter series.
YY,NON_EQUITY_CORP_BOND_NC,751,698,53,698,53,2019-02-20,2026-09-18,2019-02-20,2024-05-14,2024-08-14,2026-09-18,1,BOTH,NSE legend: non-convertible debt instruments (rolling); N@/Y@/Z@/A@ per-issue letter series.
W3,EQUITY_LINKED_WARRANT,737,737,0,737,0,2020-08-13,2023-08-09,2020-08-13,2023-08-09,,,1,LEGACY_ONLY,"NSE legend: convertible warrants (rolling), W@."
YJ,NON_EQUITY_CORP_BOND_NC,736,736,0,646,0,2018-04-20,2021-06-24,2018-04-20,2021-06-24,,,2,LEGACY_ONLY,NSE legend: non-convertible debt instruments (rolling); N@/Y@/Z@/A@ per-issue letter series.
YA,NON_EQUITY_CORP_BOND_NC,735,579,156,531,140,2016-09-21,2026-09-16,2016-09-21,2024-06-12,2024-07-16,2026-09-16,3,BOTH,NSE legend: non-convertible debt instruments (rolling); N@/Y@/Z@/A@ per-issue letter series.
YX,NON_EQUITY_CORP_BOND_NC,709,693,16,693,16,2019-02-08,2024-09-10,2019-02-08,2024-07-01,2024-07-15,2024-09-10,1,BOTH,NSE legend: non-convertible debt instruments (rolling); N@/Y@/Z@/A@ per-issue letter series.
X1,EQUITY_PARTLYPAID_T2T,697,347,350,343,279,2021-03-03,2026-03-18,2021-03-03,2024-04-22,2024-07-16,2026-03-18,2,BOTH,"NSE legend: partly paid equity T2T variants, X@."
Z5,NON_EQUITY_CORP_BOND_NC,687,452,235,420,221,2019-09-27,2026-07-30,2019-09-27,2024-07-05,2024-07-10,2026-07-30,2,BOTH,NSE legend: non-convertible debt instruments (rolling); N@/Y@/Z@/A@ per-issue letter series.
W1,EQUITY_LINKED_WARRANT,687,642,45,638,45,2020-11-27,2024-09-10,2020-11-27,2024-07-05,2024-07-08,2024-09-10,2,BOTH,"NSE legend: convertible warrants (rolling), W@."
Z8,NON_EQUITY_CORP_BOND_NC,674,430,244,425,230,2019-09-26,2026-09-18,2019-09-26,2024-07-04,2024-07-08,2026-09-18,2,BOTH,NSE legend: non-convertible debt instruments (rolling); N@/Y@/Z@/A@ per-issue letter series.
Y2,NON_EQUITY_CORP_BOND_NC,661,598,63,568,63,2016-09-21,2026-08-25,2016-09-21,2024-04-12,2025-04-25,2026-08-25,2,BOTH,NSE legend: non-convertible debt instruments (rolling); N@/Y@/Z@/A@ per-issue letter series.
YQ,NON_EQUITY_CORP_BOND_NC,658,619,39,619,39,2018-11-06,2026-03-05,2018-11-06,2024-06-27,2024-07-12,2026-03-05,1,BOTH,NSE legend: non-convertible debt instruments (rolling); N@/Y@/Z@/A@ per-issue letter series.
Z9,NON_EQUITY_CORP_BOND_NC,645,415,230,393,208,2019-09-11,2026-09-08,2019-09-11,2024-07-04,2024-07-08,2026-09-08,2,BOTH,NSE legend: non-convertible debt instruments (rolling); N@/Y@/Z@/A@ per-issue letter series.
ZF,NON_EQUITY_CORP_BOND_NC,636,367,269,338,245,2020-02-06,2026-09-16,2020-02-06,2024-07-05,2024-07-08,2026-09-16,2,BOTH,NSE legend: non-convertible debt instruments (rolling); N@/Y@/Z@/A@ per-issue letter series.
YG,NON_EQUITY_CORP_BOND_NC,631,587,44,573,44,2016-09-20,2026-09-02,2016-09-20,2024-06-14,2024-07-08,2026-09-02,2,BOTH,NSE legend: non-convertible debt instruments (rolling); N@/Y@/Z@/A@ per-issue letter series.
Z3,NON_EQUITY_CORP_BOND_NC,612,543,69,537,69,2019-08-27,2025-09-10,2019-08-27,2024-06-28,2024-07-10,2025-09-10,2,BOTH,NSE legend: non-convertible debt instruments (rolling); N@/Y@/Z@/A@ per-issue letter series.
Z2,NON_EQUITY_CORP_BOND_NC,605,546,59,536,59,2019-03-05,2026-03-27,2019-03-05,2024-06-20,2024-07-08,2026-03-27,2,BOTH,NSE legend: non-convertible debt instruments (rolling); N@/Y@/Z@/A@ per-issue letter series.
Z7,NON_EQUITY_CORP_BOND_NC,481,411,70,405,70,2019-11-14,2026-09-16,2019-11-14,2024-06-24,2024-07-10,2026-09-16,2,BOTH,NSE legend: non-convertible debt instruments (rolling); N@/Y@/Z@/A@ per-issue letter series.
W2,EQUITY_LINKED_WARRANT,463,463,0,463,0,2016-09-20,2018-09-27,2016-09-20,2018-09-27,,,1,LEGACY_ONLY,"NSE legend: convertible warrants (rolling), W@."
YU,NON_EQUITY_CORP_BOND_NC,452,452,0,452,0,2018-11-16,2023-10-12,2018-11-16,2023-10-12,,,1,LEGACY_ONLY,NSE legend: non-convertible debt instruments (rolling); N@/Y@/Z@/A@ per-issue letter series.
Z4,NON_EQUITY_CORP_BOND_NC,446,415,31,415,31,2019-08-26,2026-08-19,2019-08-26,2024-07-05,2024-07-08,2026-08-19,1,BOTH,NSE legend: non-convertible debt instruments (rolling); N@/Y@/Z@/A@ per-issue letter series.
Y0,NON_EQUITY_CORP_BOND_NC,433,157,276,157,258,2023-07-04,2026-09-15,2023-07-04,2024-07-05,2024-07-09,2026-09-15,2,BOTH,NSE legend: non-convertible debt instruments (rolling); N@/Y@/Z@/A@ per-issue letter series.
ZC,NON_EQUITY_CORP_BOND_NC,428,230,198,230,198,2019-09-11,2026-08-04,2019-09-11,2024-06-26,2024-07-10,2026-08-04,1,BOTH,NSE legend: non-convertible debt instruments (rolling); N@/Y@/Z@/A@ per-issue letter series.
YC,NON_EQUITY_CORP_BOND_NC,418,259,159,245,147,2016-09-22,2026-09-17,2016-09-22,2024-07-04,2024-07-08,2026-09-17,2,BOTH,NSE legend: non-convertible debt instruments (rolling); N@/Y@/Z@/A@ per-issue letter series.
ZH,NON_EQUITY_CORP_BOND_NC,406,309,97,304,92,2020-03-02,2026-09-10,2020-03-02,2024-07-03,2024-07-08,2026-09-10,2,BOTH,NSE legend: non-convertible debt instruments (rolling); N@/Y@/Z@/A@ per-issue letter series.
ZD,NON_EQUITY_CORP_BOND_NC,396,342,54,339,53,2020-02-05,2026-05-06,2020-02-05,2024-07-05,2024-07-09,2026-05-06,2,BOTH,NSE legend: non-convertible debt instruments (rolling); N@/Y@/Z@/A@ per-issue letter series.
ZB,NON_EQUITY_CORP_BOND_NC,391,277,114,243,98,2019-09-13,2026-05-15,2019-09-13,2024-07-03,2024-07-08,2026-05-15,3,BOTH,NSE legend: non-convertible debt instruments (rolling); N@/Y@/Z@/A@ per-issue letter series.
Z1,NON_EQUITY_CORP_BOND_NC,389,389,0,389,0,2019-04-02,2022-01-19,2019-04-02,2022-01-19,,,1,LEGACY_ONLY,NSE legend: non-convertible debt instruments (rolling); N@/Y@/Z@/A@ per-issue letter series.
ZK,NON_EQUITY_CORP_BOND_NC,346,224,122,214,113,2020-02-11,2026-09-01,2020-02-11,2024-06-28,2024-07-10,2026-09-01,2,BOTH,NSE legend: non-convertible debt instruments (rolling); N@/Y@/Z@/A@ per-issue letter series.
IT,OVERLAY_INSTITUTIONAL_WINDOW_HYPOTHESIS,333,329,4,308,4,2016-09-20,2024-11-14,2016-09-20,2024-03-27,2024-10-21,2024-11-14,2,BOTH,Not in NSE legend. Third-party mapping: IL = FII-to-FII trading window. Treat as hypothesis pending fixtures.
Z6,NON_EQUITY_CORP_BOND_NC,331,288,43,288,43,2019-09-09,2026-09-17,2019-09-09,2024-07-03,2024-10-08,2026-09-17,1,BOTH,NSE legend: non-convertible debt instruments (rolling); N@/Y@/Z@/A@ per-issue letter series.
E3,EQUITY_PARTLYPAID,323,323,0,323,0,2019-04-12,2020-08-07,2019-04-12,2020-08-07,,,1,LEGACY_ONLY,"NSE legend: partly paid equity shares (rolling), E@."
ZG,NON_EQUITY_CORP_BOND_NC,284,275,9,275,9,2020-02-05,2026-02-06,2020-02-05,2023-01-11,2024-09-03,2026-02-06,1,BOTH,NSE legend: non-convertible debt instruments (rolling); N@/Y@/Z@/A@ per-issue letter series.
AN,NON_EQUITY_CORP_BOND_NC,280,106,174,106,174,2023-04-05,2026-08-19,2023-04-05,2024-07-03,2024-08-05,2026-08-19,1,BOTH,NSE legend: non-convertible debt instruments (rolling); N@/Y@/Z@/A@ per-issue letter series.
ZJ,NON_EQUITY_CORP_BOND_NC,268,174,94,174,93,2020-02-24,2026-09-11,2020-02-24,2024-07-04,2024-07-11,2026-09-11,2,BOTH,NSE legend: non-convertible debt instruments (rolling); N@/Y@/Z@/A@ per-issue letter series.
ZE,NON_EQUITY_CORP_BOND_NC,265,254,11,254,11,2020-04-15,2024-12-04,2020-04-15,2024-07-04,2024-07-18,2024-12-04,1,BOTH,NSE legend: non-convertible debt instruments (rolling); N@/Y@/Z@/A@ per-issue letter series.
Q1,EQUITY_LINKED_PREFERRED_FC,256,256,0,240,0,2016-09-20,2018-02-06,2016-09-20,2018-02-06,,,2,LEGACY_ONLY,"NSE legend: fully convertible preference shares (rolling), Q@."
ZI,NON_EQUITY_CORP_BOND_NC,238,160,78,160,78,2020-09-30,2026-08-24,2020-09-30,2024-06-18,2024-07-11,2026-08-24,1,BOTH,NSE legend: non-convertible debt instruments (rolling); N@/Y@/Z@/A@ per-issue letter series.
ZA,NON_EQUITY_CORP_BOND_NC,237,237,0,237,0,2019-11-13,2023-02-02,2019-11-13,2023-02-02,,,1,LEGACY_ONLY,NSE legend: non-convertible debt instruments (rolling); N@/Y@/Z@/A@ per-issue letter series.
T0,OVERLAY_T0_SETTLEMENT,237,28,209,12,110,2024-03-28,2026-09-16,2024-03-28,2024-07-01,2024-07-09,2026-09-16,14,BOTH,NSE T+0 settlement FAQ: same securities trade in a separate T0 series (first corpus sighting 2024-03-28 — a Legacy-era date — matches the optional T+0 pilot window). Aggregate ISIN-deficit behavior matches overlay treatment; row-level base-row linkage unproven (D02-Q1/Q8).
IL,OVERLAY_INSTITUTIONAL_WINDOW_HYPOTHESIS,204,204,0,187,0,2016-09-26,2018-06-27,2016-09-26,2018-06-27,,,2,LEGACY_ONLY,Not in NSE legend. Third-party mapping: IL = FII-to-FII trading window. Treat as hypothesis pending fixtures.
ZR,NON_EQUITY_CORP_BOND_NC,186,89,97,89,96,2022-12-30,2026-09-07,2022-12-30,2024-07-04,2024-07-08,2026-09-07,2,BOTH,NSE legend: non-convertible debt instruments (rolling); N@/Y@/Z@/A@ per-issue letter series.
Y4,NON_EQUITY_CORP_BOND_NC,184,90,94,90,94,2016-09-23,2026-09-16,2016-09-23,2024-06-25,2024-08-05,2026-09-16,1,BOTH,NSE legend: non-convertible debt instruments (rolling); N@/Y@/Z@/A@ per-issue letter series.
AT,NON_EQUITY_CORP_BOND_NC,182,110,72,110,72,2023-08-01,2025-07-08,2023-08-01,2024-07-04,2024-07-08,2025-07-08,1,BOTH,NSE legend: non-convertible debt instruments (rolling); N@/Y@/Z@/A@ per-issue letter series.
ZP,NON_EQUITY_CORP_BOND_NC,158,101,57,101,57,2023-01-05,2026-08-27,2023-01-05,2024-07-04,2024-07-16,2026-08-27,1,BOTH,NSE legend: non-convertible debt instruments (rolling); N@/Y@/Z@/A@ per-issue letter series.
AP,NON_EQUITY_CORP_BOND_NC,157,96,61,96,61,2023-08-08,2025-07-11,2023-08-08,2024-07-05,2024-08-06,2025-07-11,1,BOTH,NSE legend: non-convertible debt instruments (rolling); N@/Y@/Z@/A@ per-issue letter series.
ZT,NON_EQUITY_CORP_BOND_NC,148,6,142,6,142,2024-06-04,2026-09-08,2024-06-04,2024-06-12,2024-07-18,2026-09-08,1,BOTH,NSE legend: non-convertible debt instruments (rolling); N@/Y@/Z@/A@ per-issue letter series.
ZN,NON_EQUITY_CORP_BOND_NC,147,48,99,48,93,2022-11-07,2026-09-02,2022-11-07,2024-07-04,2024-07-09,2026-09-02,2,BOTH,NSE legend: non-convertible debt instruments (rolling); N@/Y@/Z@/A@ per-issue letter series.
BC,NON_EQUITY_CORP_BOND_NC,143,47,96,47,96,2023-08-07,2026-09-17,2023-08-07,2024-07-05,2024-07-08,2026-09-17,1,BOTH,"NSE legend: non-convertible debt instruments (rolling), B@ minus named specials."
AX,NON_EQUITY_CORP_BOND_NC,142,57,85,57,85,2023-08-16,2026-07-10,2023-08-16,2024-07-02,2024-07-08,2026-07-10,1,BOTH,NSE legend: non-convertible debt instruments (rolling); N@/Y@/Z@/A@ per-issue letter series.
BF,NON_EQUITY_CORP_BOND_NC,142,79,63,79,63,2023-10-03,2025-09-09,2023-10-03,2024-07-05,2024-07-08,2025-09-09,1,BOTH,"NSE legend: non-convertible debt instruments (rolling), B@ minus named specials."
ZX,NON_EQUITY_CORP_BOND_NC,130,70,60,70,60,2023-04-21,2025-12-11,2023-04-21,2024-07-03,2024-07-11,2025-12-11,1,BOTH,NSE legend: non-convertible debt instruments (rolling); N@/Y@/Z@/A@ per-issue letter series.
BV,NON_EQUITY_CORP_BOND_NC,129,33,96,33,96,2023-10-25,2026-04-10,2023-10-25,2024-06-28,2024-07-11,2026-04-10,1,BOTH,"NSE legend: non-convertible debt instruments (rolling), B@ minus named specials."
BI,NON_EQUITY_CORP_BOND_NC,128,54,74,54,74,2023-10-30,2025-09-04,2023-10-30,2024-07-03,2024-07-09,2025-09-04,1,BOTH,"NSE legend: non-convertible debt instruments (rolling), B@ minus named specials."
ZS,NON_EQUITY_CORP_BOND_NC,126,97,29,97,29,2023-03-21,2024-12-10,2023-03-21,2024-06-25,2024-07-10,2024-12-10,1,BOTH,NSE legend: non-convertible debt instruments (rolling); N@/Y@/Z@/A@ per-issue letter series.
AJ,NON_EQUITY_CORP_BOND_NC,126,60,66,60,66,2023-07-24,2026-03-05,2023-07-24,2024-06-27,2024-07-15,2026-03-05,1,BOTH,NSE legend: non-convertible debt instruments (rolling); N@/Y@/Z@/A@ per-issue letter series.
YD,NON_EQUITY_CORP_BOND_NC,124,124,0,122,0,2016-10-05,2019-06-18,2016-10-05,2019-06-18,,,2,LEGACY_ONLY,NSE legend: non-convertible debt instruments (rolling); N@/Y@/Z@/A@ per-issue letter series.
AB,NON_EQUITY_CORP_BOND_NC,115,80,35,80,35,2023-04-24,2025-03-07,2023-04-24,2024-06-12,2024-07-08,2025-03-07,1,BOTH,NSE legend: non-convertible debt instruments (rolling); N@/Y@/Z@/A@ per-issue letter series.
ZY,NON_EQUITY_CORP_BOND_NC,114,58,56,58,56,2023-01-20,2026-09-08,2023-01-20,2024-06-28,2024-07-24,2026-09-08,1,BOTH,NSE legend: non-convertible debt instruments (rolling); N@/Y@/Z@/A@ per-issue letter series.
BO,OVERLAY_BUYBACK_WINDOW,112,112,0,112,0,2023-04-13,2023-12-27,2023-04-13,2023-12-27,,,1,LEGACY_ONLY,NSE legend: buyback of equity shares via stock-exchange route.
AG,NON_EQUITY_CORP_BOND_NC,110,81,29,81,29,2023-04-18,2025-03-03,2023-04-18,2024-07-05,2024-07-22,2025-03-03,1,BOTH,NSE legend: non-convertible debt instruments (rolling); N@/Y@/Z@/A@ per-issue letter series.
AR,NON_EQUITY_CORP_BOND_NC,109,56,53,56,53,2023-08-03,2025-07-11,2023-08-03,2024-07-04,2024-07-15,2025-07-11,1,BOTH,NSE legend: non-convertible debt instruments (rolling); N@/Y@/Z@/A@ per-issue letter series.
D1,NON_EQUITY_CORP_BOND_FC,107,107,0,107,0,2017-11-16,2019-04-15,2017-11-16,2019-04-15,,,1,LEGACY_ONLY,"NSE legend: fully convertible debt instruments (rolling), D@."
ZW,NON_EQUITY_CORP_BOND_NC,99,51,48,51,48,2023-02-22,2025-10-17,2023-02-22,2024-06-26,2024-07-23,2025-10-17,1,BOTH,NSE legend: non-convertible debt instruments (rolling); N@/Y@/Z@/A@ per-issue letter series.
AZ,NON_EQUITY_CORP_BOND_NC,94,40,54,40,54,2023-08-08,2026-09-08,2023-08-08,2024-07-03,2024-07-09,2026-09-08,1,BOTH,NSE legend: non-convertible debt instruments (rolling); N@/Y@/Z@/A@ per-issue letter series.
AI,NON_EQUITY_CORP_BOND_NC,90,29,61,29,61,2023-05-24,2026-03-05,2023-05-24,2024-05-31,2024-10-04,2026-03-05,1,BOTH,NSE legend: non-convertible debt instruments (rolling); N@/Y@/Z@/A@ per-issue letter series.
ZL,NON_EQUITY_CORP_BOND_NC,83,16,67,16,63,2022-11-11,2026-09-18,2022-11-11,2024-07-02,2024-07-19,2026-09-18,2,BOTH,NSE legend: non-convertible debt instruments (rolling); N@/Y@/Z@/A@ per-issue letter series.
BS,NON_EQUITY_CORP_BOND_NC,83,4,79,4,79,2024-05-02,2026-09-11,2024-05-02,2024-07-01,2025-02-05,2026-09-11,1,BOTH,"NSE legend: non-convertible debt instruments (rolling), B@ minus named specials."
AY,NON_EQUITY_CORP_BOND_NC,81,8,73,8,73,2023-09-05,2026-06-16,2023-09-05,2024-07-05,2024-07-08,2026-06-16,1,BOTH,NSE legend: non-convertible debt instruments (rolling); N@/Y@/Z@/A@ per-issue letter series.
ZU,NON_EQUITY_CORP_BOND_NC,80,38,42,38,42,2023-03-17,2025-12-12,2023-03-17,2024-06-20,2024-07-25,2025-12-12,1,BOTH,NSE legend: non-convertible debt instruments (rolling); N@/Y@/Z@/A@ per-issue letter series.
AC,NON_EQUITY_CORP_BOND_NC,74,61,13,61,13,2023-03-31,2025-02-14,2023-03-31,2024-07-02,2024-07-10,2025-02-14,1,BOTH,NSE legend: non-convertible debt instruments (rolling); N@/Y@/Z@/A@ per-issue letter series.
AH,NON_EQUITY_CORP_BOND_NC,69,20,49,20,49,2023-08-22,2026-02-10,2023-08-22,2024-05-31,2024-08-08,2026-02-10,1,BOTH,NSE legend: non-convertible debt instruments (rolling); N@/Y@/Z@/A@ per-issue letter series.
E2,EQUITY_PARTLYPAID,57,57,0,57,0,2018-10-30,2019-01-22,2018-10-30,2019-01-22,,,1,LEGACY_ONLY,"NSE legend: partly paid equity shares (rolling), E@."
AL,NON_EQUITY_CORP_BOND_NC,57,25,32,25,32,2023-08-22,2026-09-18,2023-08-22,2024-05-31,2024-08-28,2026-09-18,1,BOTH,NSE legend: non-convertible debt instruments (rolling); N@/Y@/Z@/A@ per-issue letter series.
ZM,NON_EQUITY_CORP_BOND_NC,57,0,57,0,57,2024-07-11,2026-09-09,,,2024-07-11,2026-09-09,1,UDIFF_ONLY,NSE legend: non-convertible debt instruments (rolling); N@/Y@/Z@/A@ per-issue letter series.
AK,NON_EQUITY_CORP_BOND_NC,55,0,55,0,55,2025-03-24,2026-09-16,,,2025-03-24,2026-09-16,1,UDIFF_ONLY,NSE legend: non-convertible debt instruments (rolling); N@/Y@/Z@/A@ per-issue letter series.
Z0,NON_EQUITY_CORP_BOND_NC,44,2,42,2,42,2024-04-12,2026-07-24,2024-04-12,2024-04-15,2024-10-22,2026-07-24,1,BOTH,NSE legend: non-convertible debt instruments (rolling); N@/Y@/Z@/A@ per-issue letter series.
AV,NON_EQUITY_CORP_BOND_NC,42,14,28,14,28,2023-08-09,2026-01-23,2023-08-09,2024-07-03,2024-07-08,2026-01-23,1,BOTH,NSE legend: non-convertible debt instruments (rolling); N@/Y@/Z@/A@ per-issue letter series.
Q2,EQUITY_LINKED_PREFERRED_FC,36,36,0,36,0,2016-11-18,2018-02-06,2016-11-18,2018-02-06,,,1,LEGACY_ONLY,"NSE legend: fully convertible preference shares (rolling), Q@."
HC,UNCLASSIFIED,12,12,0,12,0,2016-10-24,2017-03-30,2016-10-24,2017-03-30,,,1,LEGACY_ONLY,Not resolvable from the NSE legend or D01 evidence. Requires row-level inspection and/or NSE circular search.
X2,EQUITY_PARTLYPAID_T2T,11,11,0,11,0,2018-10-12,2018-10-29,2018-10-12,2018-10-29,,,1,LEGACY_ONLY,"NSE legend: partly paid equity T2T variants, X@."
AO,NON_EQUITY_CORP_BOND_NC,9,0,9,0,9,2024-07-29,2025-07-08,,,2024-07-29,2025-07-08,1,UDIFF_ONLY,NSE legend: non-convertible debt instruments (rolling); N@/Y@/Z@/A@ per-issue letter series.
ZQ,NON_EQUITY_CORP_BOND_NC,9,0,9,0,9,2025-01-21,2025-10-23,,,2025-01-21,2025-10-23,1,UDIFF_ONLY,NSE legend: non-convertible debt instruments (rolling); N@/Y@/Z@/A@ per-issue letter series.
AW,NON_EQUITY_CORP_BOND_NC,8,3,5,3,5,2023-09-27,2024-12-19,2023-09-27,2024-02-21,2024-08-23,2024-12-19,1,BOTH,NSE legend: non-convertible debt instruments (rolling); N@/Y@/Z@/A@ per-issue letter series.
HB,UNCLASSIFIED,7,7,0,7,0,2017-03-21,2017-03-30,2017-03-21,2017-03-30,,,1,LEGACY_ONLY,Not resolvable from the NSE legend or D01 evidence. Requires row-level inspection and/or NSE circular search.
BJ,NON_EQUITY_CORP_BOND_NC,7,7,0,7,0,2023-10-03,2023-10-26,2023-10-03,2023-10-26,,,1,LEGACY_ONLY,"NSE legend: non-convertible debt instruments (rolling), B@ minus named specials."
BX,NON_EQUITY_CORP_BOND_NC,7,1,6,1,6,2024-07-04,2026-07-14,2024-07-04,2024-07-04,2024-07-26,2026-07-14,1,BOTH,"NSE legend: non-convertible debt instruments (rolling), B@ minus named specials."
BG,NON_EQUITY_CORP_BOND_NC,5,5,0,5,0,2023-09-29,2023-10-23,2023-09-29,2023-10-23,,,1,LEGACY_ONLY,"NSE legend: non-convertible debt instruments (rolling), B@ minus named specials."
SF,NON_EQUITY_CORP_BOND_FC_T2T,5,0,5,0,5,2025-10-30,2026-07-08,,,2025-10-30,2026-07-08,1,UDIFF_ONLY,NSE legend: fully convertible debt T2T (S@ minus excluded SM/ST/SP/SL/SI/SO/SQ/SG).
ZZ,NON_EQUITY_CORP_BOND_NC,4,4,0,4,0,2023-03-24,2023-12-06,2023-03-24,2023-12-06,,,1,LEGACY_ONLY,NSE legend: non-convertible debt instruments (rolling); N@/Y@/Z@/A@ per-issue letter series.
ID,NON_EQUITY_INVIT,3,3,0,3,0,2021-04-06,2021-04-08,2021-04-06,2021-04-08,,,1,LEGACY_ONLY,NSE legend: InvIT units (IV rolling / ID T2T). CAUTION: first corpus IV sighting 2017-05-18 predates NSE InvIT listings; possible earlier different meaning (code reuse).
BM,NON_EQUITY_CORP_BOND_NC,2,2,0,2,0,2023-10-03,2023-10-23,2023-10-03,2023-10-23,,,1,LEGACY_ONLY,"NSE legend: non-convertible debt instruments (rolling), B@ minus named specials."
HA,UNCLASSIFIED,1,1,0,1,0,2016-12-29,2016-12-29,2016-12-29,2016-12-29,,,1,LEGACY_ONLY,Not resolvable from the NSE legend or D01 evidence. Requires row-level inspection and/or NSE circular search.
HE,UNCLASSIFIED,1,1,0,1,0,2017-03-31,2017-03-31,2017-03-31,2017-03-31,,,1,LEGACY_ONLY,Not resolvable from the NSE legend or D01 evidence. Requires row-level inspection and/or NSE circular search.
SO,UNCLASSIFIED,1,1,0,1,0,2023-01-10,2023-01-10,2023-01-10,2023-01-10,,,1,LEGACY_ONLY,Not resolvable from the NSE legend or D01 evidence. Requires row-level inspection and/or NSE circular search.
AA,NON_EQUITY_CORP_BOND_NC,1,1,0,1,0,2023-04-10,2023-04-10,2023-04-10,2023-04-10,,,1,LEGACY_ONLY,NSE legend: non-convertible debt instruments (rolling); N@/Y@/Z@/A@ per-issue letter series.
ZO,NON_EQUITY_CORP_BOND_NC,1,0,1,0,1,2026-03-23,2026-03-23,,,2026-03-23,2026-03-23,1,UDIFF_ONLY,NSE legend: non-convertible debt instruments (rolling); N@/Y@/Z@/A@ per-issue letter series.
