series,legacy_avg_rows_per_day_last250,udiff_avg_rows_per_day_first250,delta
EQ,1800.58,1984.52,183.94
ST,16.92,124.74,107.82
SM,197.04,242.45,45.41
BE,297.96,275.09,-22.87
TB,26.5,16.26,-10.24
GS,36.1,42.17,6.07
BZ,23.16,27.15,3.99
N1,5.11,7.44,2.33
GB,54.43,52.23,-2.2
IV,3.67,5.4,1.72
NO,3.07,1.43,-1.64
N3,6.04,4.46,-1.58
E1,3.82,5.29,1.47
NA,5.33,6.57,1.24
N4,7.56,6.46,-1.11
NJ,4.5,3.43,-1.07
NL,3.28,2.32,-0.96
N2,9.58,8.68,-0.9
NQ,1.36,0.47,-0.89
NP,1.2,0.31,-0.89
N6,10.65,9.77,-0.88
X1,0.13,1.01,0.88
NC,3.67,4.54,0.88
N0,3.54,4.4,0.86
NE,5.5,4.65,-0.85
P1,2.14,1.32,-0.82
W1,0.99,0.18,-0.81
YV,0.77,0.05,-0.72
NG,1.82,1.12,-0.7
NH,2.54,1.89,-0.65
Y5,1.35,0.7,-0.64
SZ,0.38,0.89,0.51
NW,1.24,0.73,-0.5
NS,2.42,1.93,-0.49
NK,2.0,1.54,-0.46
NN,1.63,2.04,0.41
NU,1.11,0.72,-0.4
Z4,0.43,0.05,-0.38
Y7,0.43,0.05,-0.38
NV,1.28,0.9,-0.37
MF,0.08,0.42,0.34
NI,2.03,1.73,-0.3
NB,2.52,2.8,0.29
YY,0.3,0.02,-0.28
Z2,0.42,0.14,-0.28
ND,4.37,4.65,0.28
YK,0.34,0.07,-0.27
Y9,0.26,0.0,-0.26
N9,4.16,4.41,0.26
ZE,0.29,0.04,-0.25
BO,0.24,0.0,-0.24
ZS,0.35,0.12,-0.24
YC,0.47,0.24,-0.23
YX,0.29,0.06,-0.23
ZB,0.54,0.31,-0.22
BV,0.13,0.34,0.21
Z5,0.62,0.42,-0.21
ZT,0.02,0.23,0.2
YR,0.42,0.22,-0.2
ZP,0.33,0.13,-0.2
NR,1.19,1.39,0.2
Z3,0.4,0.21,-0.19
NM,1.01,1.2,0.19
YP,0.73,0.55,-0.18
N7,6.8,6.98,0.18
YU,0.18,0.0,-0.18
YM,0.31,0.49,0.18
N5,8.24,8.06,-0.17
AG,0.28,0.12,-0.16
Z9,0.62,0.45,-0.16
YI,0.83,0.68,-0.16
Y0,0.63,0.48,-0.15
AT,0.44,0.29,-0.15
ZH,0.37,0.22,-0.15
N8,6.52,6.38,-0.15
BS,0.02,0.16,0.14
AP,0.38,0.24,-0.14
Y8,0.32,0.18,-0.14
SG,2.84,2.98,0.14
AC,0.19,0.05,-0.14
Y3,0.44,0.3,-0.13
BL,1.14,1.0,-0.13
Y6,0.28,0.15,-0.13
ZF,0.65,0.52,-0.13
YZ,0.62,0.5,-0.12
NZ,1.34,1.22,-0.12
BF,0.32,0.2,-0.12
ZX,0.25,0.13,-0.12
YG,0.21,0.1,-0.12
YT,0.48,0.36,-0.12
W3,0.11,0.0,-0.11
AB,0.25,0.14,-0.11
AJ,0.24,0.13,-0.11
ZY,0.2,0.1,-0.1
NF,2.79,2.69,-0.1
ZR,0.28,0.2,-0.08
Z8,0.48,0.55,0.08
ZJ,0.1,0.18,0.08
ZM,0.0,0.07,0.07
BC,0.19,0.26,0.07
Y2,0.11,0.05,-0.06
AX,0.23,0.16,-0.06
AL,0.1,0.04,-0.06
AH,0.08,0.14,0.06
AY,0.03,0.09,0.06
AZ,0.16,0.1,-0.06
ZN,0.16,0.21,0.06
BI,0.22,0.27,0.05
Z0,0.01,0.06,0.05
Y1,0.76,0.81,0.05
AI,0.11,0.16,0.05
NX,0.96,0.91,-0.05
YA,0.17,0.13,-0.04
IT,0.06,0.02,-0.04
YW,0.48,0.44,-0.04
ZC,0.27,0.31,0.04
AO,0.0,0.04,0.04
AK,0.0,0.04,0.04
AN,0.38,0.35,-0.03
ZG,0.0,0.03,0.03
BJ,0.03,0.0,-0.03
YN,0.18,0.2,0.03
ZL,0.05,0.08,0.03
T0,0.11,0.14,0.02
Y4,0.08,0.06,-0.02
ZQ,0.0,0.02,0.02
ZD,0.17,0.15,-0.02
BG,0.02,0.0,-0.02
YQ,0.09,0.07,-0.02
ZW,0.18,0.16,-0.02
YO,0.23,0.22,-0.02
AR,0.22,0.21,-0.02
ZU,0.14,0.12,-0.02
Z7,0.11,0.1,-0.02
ZI,0.12,0.1,-0.02
AV,0.06,0.07,0.02
NY,0.19,0.18,-0.01
BX,0.0,0.02,0.01
YS,0.32,0.33,0.01
BM,0.01,0.0,-0.01
AW,0.01,0.02,0.01
ZZ,0.01,0.0,-0.01
ZK,0.38,0.38,-0.0
YL,0.64,0.64,-0.0
Z6,0.02,0.02,0.0
NT,0.9,0.9,0.0
RR,4.0,4.0,0.0
