provisional_class,n_codes,total_obs,pct_of_all_rows
EQUITY_COMMON,1,4272478,75.088
EQUITY_T2T_RIGHTS_AMBIGUOUS,1,428831,7.537
NON_EQUITY_CORP_BOND_NC,133,342756,6.024
EQUITY_SME,1,322583,5.669
NON_EQUITY_GOLD_BOND,1,87693,1.541
EQUITY_SME_T2T,2,65741,1.155
EQUITY_T2T,1,64813,1.139
NON_EQUITY_GOVT_SEC,1,42225,0.742
NON_EQUITY_TREASURY_BILL,1,16012,0.281
NON_EQUITY_INVIT,2,8900,0.156
NON_EQUITY_MUTUAL_FUND,1,8433,0.148
EQUITY_PARTLYPAID,3,7826,0.138
NON_EQUITY_REIT,1,5901,0.104
EQUITY_LINKED_PREFERRED_NC,2,4630,0.081
NON_EQUITY_SDL,1,3496,0.061
OVERLAY_BLOCK_DEALS,1,2806,0.049
EQUITY_LINKED_WARRANT,3,1887,0.033
NON_EQUITY_CORP_BOND_FC,2,1025,0.018
EQUITY_PARTLYPAID_T2T,2,708,0.012
OVERLAY_INSTITUTIONAL_WINDOW_HYPOTHESIS,2,537,0.009
EQUITY_LINKED_PREFERRED_FC,2,292,0.005
OVERLAY_T0_SETTLEMENT,1,237,0.004
OVERLAY_BUYBACK_WINDOW,1,112,0.002
UNCLASSIFIED,5,22,0.0
NON_EQUITY_CORP_BOND_FC_T2T,1,5,0.0
