Sgmt,Src,FinInstrmTp,SctySrs,archive_count,row_count,distinct_nonblank_isin,blank_or_ws_isin_rows,distinct_nonblank_finstrmid,blank_or_ws_finstrmid_rows,distinct_nonblank_tckrsymb,blank_or_ws_tckrsymb_rows,finstrmid_eq_isin_rows,finstrmid_ne_isin_rows,first_date,last_date
CM,NSE,STK,AB,35,35,1,0,1,0,2,0,0,35,2024-07-08,2025-03-07
CM,NSE,STK,AC,13,13,1,0,1,0,2,0,0,13,2024-07-10,2025-02-14
CM,NSE,STK,AG,29,29,1,0,1,0,2,0,0,29,2024-07-22,2025-03-03
CM,NSE,STK,AH,49,49,1,0,1,0,1,0,0,49,2024-08-08,2026-02-10
CM,NSE,STK,AI,61,61,1,0,1,0,1,0,0,61,2024-10-04,2026-03-05
CM,NSE,STK,AJ,66,66,1,0,1,0,3,0,0,66,2024-07-15,2026-03-05
CM,NSE,STK,AK,55,55,1,0,1,0,1,0,0,55,2025-03-24,2026-09-16
CM,NSE,STK,AL,32,32,1,0,1,0,1,0,0,32,2024-08-28,2026-09-18
CM,NSE,STK,AN,174,174,1,0,1,0,1,0,0,174,2024-08-05,2026-08-19
CM,NSE,STK,AO,9,9,1,0,1,0,2,0,0,9,2024-07-29,2025-07-08
CM,NSE,STK,AP,61,61,1,0,1,0,1,0,0,61,2024-08-06,2025-07-11
CM,NSE,STK,AR,53,53,1,0,1,0,3,0,0,53,2024-07-15,2025-07-11
CM,NSE,STK,AT,72,72,1,0,1,0,2,0,0,72,2024-07-08,2025-07-08
CM,NSE,STK,AV,28,28,1,0,1,0,2,0,0,28,2024-07-08,2026-01-23
CM,NSE,STK,AW,5,5,1,0,1,0,1,0,0,5,2024-08-23,2024-12-19
CM,NSE,STK,AX,85,85,1,0,1,0,2,0,0,85,2024-07-08,2026-07-10
CM,NSE,STK,AY,73,73,1,0,1,0,2,0,0,73,2024-07-08,2026-06-16
CM,NSE,STK,AZ,54,54,1,0,1,0,2,0,0,54,2024-07-09,2026-09-08
CM,NSE,STK,BC,96,96,1,0,1,0,3,0,0,96,2024-07-08,2026-09-17
CM,NSE,STK,BE,543,124258,1144,0,1110,0,1134,0,0,124258,2024-07-08,2026-09-18
CM,NSE,STK,BF,63,63,1,0,1,0,2,0,0,63,2024-07-08,2025-09-09
CM,NSE,STK,BI,74,74,1,0,1,0,2,0,0,74,2024-07-09,2025-09-04
CM,NSE,STK,BL,279,856,397,0,390,0,392,0,0,856,2024-07-08,2026-09-18
CM,NSE,STK,BS,79,79,1,0,1,0,1,0,0,79,2025-02-05,2026-09-11
CM,NSE,STK,BV,96,96,1,0,1,0,3,0,0,96,2024-07-11,2026-04-10
CM,NSE,STK,BX,6,6,1,0,1,0,2,0,0,6,2024-07-26,2026-07-14
CM,NSE,STK,BZ,543,15931,68,0,68,0,68,0,0,15931,2024-07-08,2026-09-18
CM,NSE,STK,E1,543,3051,32,0,32,0,32,0,0,3051,2024-07-08,2026-09-18
CM,NSE,STK,EQ,543,1188443,3078,0,2941,0,3032,0,0,1188443,2024-07-08,2026-09-18
CM,NSE,STK,GB,543,26539,64,0,64,0,64,0,0,26539,2024-07-08,2026-09-18
CM,NSE,STK,GS,543,24931,126,0,127,0,127,0,0,24931,2024-07-08,2026-09-18
CM,NSE,STK,IT,4,4,1,0,1,0,1,0,0,4,2024-10-21,2024-11-14
CM,NSE,STK,IV,543,4366,18,0,18,0,20,0,0,4366,2024-07-08,2026-09-18
CM,NSE,STK,MF,201,217,8,0,8,0,8,0,0,217,2024-07-24,2026-08-25
CM,NSE,STK,N0,542,6100,149,0,149,0,151,0,0,6100,2024-07-08,2026-09-18
CM,NSE,STK,N1,543,4778,70,0,71,0,71,0,0,4778,2024-07-08,2026-09-18
CM,NSE,STK,N2,543,4941,26,0,27,0,29,0,0,4941,2024-07-08,2026-09-18
CM,NSE,STK,N3,542,2445,22,0,23,0,23,0,0,2445,2024-07-08,2026-09-18
CM,NSE,STK,N4,543,3217,19,0,19,0,21,0,0,3217,2024-07-08,2026-09-18
CM,NSE,STK,N5,543,4079,24,0,24,0,25,0,0,4079,2024-07-08,2026-09-18
CM,NSE,STK,N6,543,4933,26,0,26,0,26,0,0,4933,2024-07-08,2026-09-18
CM,NSE,STK,N7,543,3142,23,0,23,0,24,0,0,3142,2024-07-08,2026-09-18
CM,NSE,STK,N8,543,3209,19,0,19,0,21,0,0,3209,2024-07-08,2026-09-18
CM,NSE,STK,N9,543,2463,15,0,15,0,17,0,0,2463,2024-07-08,2026-09-18
CM,NSE,STK,NA,543,3666,17,0,17,0,19,0,0,3666,2024-07-08,2026-09-18
CM,NSE,STK,NB,533,1500,13,0,13,0,14,0,0,1500,2024-07-08,2026-09-18
CM,NSE,STK,NC,542,2494,17,0,17,0,17,0,0,2494,2024-07-08,2026-09-18
CM,NSE,STK,ND,543,2494,16,0,16,0,17,0,0,2494,2024-07-08,2026-09-18
CM,NSE,STK,NE,543,2917,12,0,12,0,14,0,0,2917,2024-07-08,2026-09-18
CM,NSE,STK,NF,543,1756,11,0,11,0,12,0,0,1756,2024-07-08,2026-09-18
CM,NSE,STK,NG,417,637,7,0,7,0,8,0,0,637,2024-07-08,2026-09-18
CM,NSE,STK,NH,506,1160,12,0,12,0,14,0,0,1160,2024-07-08,2026-09-17
CM,NSE,STK,NI,481,784,6,0,6,0,7,0,0,784,2024-07-08,2026-09-18
CM,NSE,STK,NJ,543,1790,10,0,10,0,12,0,0,1790,2024-07-08,2026-09-18
CM,NSE,STK,NK,520,904,7,0,7,0,8,0,0,904,2024-07-08,2026-09-18
CM,NSE,STK,NL,533,1114,9,0,9,0,11,0,0,1114,2024-07-08,2026-09-18
CM,NSE,STK,NM,462,782,8,0,8,0,9,0,0,782,2024-07-24,2026-09-18
CM,NSE,STK,NN,526,1168,7,0,7,0,8,0,0,1168,2024-07-08,2026-09-18
CM,NSE,STK,NO,502,843,8,0,8,0,10,0,0,843,2024-07-08,2026-09-18
CM,NSE,STK,NP,113,115,3,0,3,0,3,0,0,115,2024-07-08,2026-08-21
CM,NSE,STK,NQ,151,161,4,0,4,0,6,0,0,161,2024-07-12,2026-01-07
CM,NSE,STK,NR,520,693,4,0,4,0,5,0,0,693,2024-07-08,2026-09-18
CM,NSE,STK,NS,535,1003,4,0,4,0,6,0,0,1003,2024-07-08,2026-09-18
CM,NSE,STK,NT,364,466,4,0,4,0,7,0,0,466,2024-07-15,2026-09-18
CM,NSE,STK,NU,263,298,4,0,4,0,6,0,0,298,2024-07-08,2026-09-17
CM,NSE,STK,NV,287,364,4,0,4,0,4,0,0,364,2024-07-08,2026-09-16
CM,NSE,STK,NW,228,271,5,0,5,0,7,0,0,271,2024-07-08,2026-08-17
CM,NSE,STK,NX,291,386,5,0,5,0,7,0,0,386,2024-07-09,2026-09-18
CM,NSE,STK,NY,120,122,2,0,2,0,2,0,0,122,2024-07-31,2026-09-17
CM,NSE,STK,NZ,490,777,4,0,4,0,6,0,0,777,2024-07-08,2026-09-18
CM,NSE,STK,P1,508,641,3,0,3,0,3,0,0,641,2024-07-08,2026-08-20
CM,NSE,STK,RR,543,2529,6,0,6,0,6,0,0,2529,2024-07-08,2026-09-18
CM,NSE,STK,SF,5,5,2,0,2,0,2,0,0,5,2025-10-30,2026-07-08
CM,NSE,STK,SG,511,2615,625,0,625,0,625,0,0,2615,2024-07-08,2026-09-18
CM,NSE,STK,SM,543,162854,602,0,591,0,601,0,0,162854,2024-07-08,2026-09-18
CM,NSE,STK,ST,543,58197,584,0,576,0,581,0,0,58197,2024-07-08,2026-09-18
CM,NSE,STK,SZ,364,480,7,0,7,0,7,0,0,480,2024-07-08,2026-09-18
CM,NSE,STK,T0,110,209,54,0,54,0,54,0,0,209,2024-07-09,2026-09-16
CM,NSE,STK,TB,543,7392,398,0,398,0,400,0,0,7392,2024-07-08,2026-09-18
CM,NSE,STK,W1,45,45,1,0,1,0,1,0,0,45,2024-07-08,2024-09-10
CM,NSE,STK,X1,279,350,6,0,6,0,6,0,0,350,2024-07-16,2026-03-18
CM,NSE,STK,Y0,258,276,2,0,2,0,2,0,0,276,2024-07-09,2026-09-15
CM,NSE,STK,Y1,319,367,3,0,3,0,4,0,0,367,2024-07-09,2026-09-17
CM,NSE,STK,Y2,63,63,1,0,1,0,1,0,0,63,2025-04-25,2026-08-25
CM,NSE,STK,Y3,151,159,3,0,3,0,4,0,0,159,2024-07-08,2026-08-31
CM,NSE,STK,Y4,94,94,2,0,2,0,2,0,0,94,2024-08-05,2026-09-16
CM,NSE,STK,Y5,219,254,4,0,4,0,6,0,0,254,2024-07-09,2026-09-15
CM,NSE,STK,Y6,122,122,2,0,2,0,3,0,0,122,2024-07-09,2026-09-18
CM,NSE,STK,Y7,97,109,2,0,2,0,2,0,0,109,2024-10-17,2026-09-18
CM,NSE,STK,Y8,90,97,3,0,3,0,4,0,0,97,2024-07-11,2026-09-18
CM,NSE,STK,Y9,83,83,1,0,1,0,1,0,0,83,2026-03-10,2026-09-18
CM,NSE,STK,YA,140,156,3,0,3,0,4,0,0,156,2024-07-16,2026-09-16
CM,NSE,STK,YB,17,17,1,0,1,0,1,0,0,17,2026-03-18,2026-09-18
CM,NSE,STK,YC,147,159,3,0,3,0,4,0,0,159,2024-07-08,2026-09-17
CM,NSE,STK,YG,44,44,1,0,1,0,2,0,0,44,2024-07-08,2026-09-02
CM,NSE,STK,YH,9,9,1,0,1,0,1,0,0,9,2025-09-10,2026-08-25
CM,NSE,STK,YI,360,378,2,0,2,0,2,0,0,378,2024-07-08,2026-09-18
CM,NSE,STK,YK,63,63,1,0,1,0,2,0,0,63,2024-07-09,2026-09-16
CM,NSE,STK,YL,340,340,1,0,1,0,1,0,0,340,2024-07-10,2026-09-17
CM,NSE,STK,YM,165,178,2,0,2,0,4,0,0,178,2024-07-18,2026-09-15
CM,NSE,STK,YN,51,51,1,0,1,0,2,0,0,51,2024-07-09,2025-04-03
CM,NSE,STK,YO,88,88,1,0,1,0,3,0,0,88,2024-07-23,2026-03-10
CM,NSE,STK,YP,269,274,2,0,2,0,3,0,0,274,2024-07-08,2026-09-18
CM,NSE,STK,YQ,39,39,1,0,1,0,2,0,0,39,2024-07-12,2026-03-05
CM,NSE,STK,YR,116,122,2,0,2,0,4,0,0,122,2024-07-10,2026-08-10
CM,NSE,STK,YS,199,199,1,0,1,0,1,0,0,199,2024-07-09,2026-09-18
CM,NSE,STK,YT,174,189,2,0,2,0,3,0,0,189,2024-07-15,2026-09-18
CM,NSE,STK,YV,29,29,2,0,2,0,3,0,0,29,2024-07-25,2026-09-16
CM,NSE,STK,YW,293,309,2,0,2,0,2,0,0,309,2024-07-16,2026-09-17
CM,NSE,STK,YX,16,16,1,0,1,0,2,0,0,16,2024-07-15,2024-09-10
CM,NSE,STK,YY,53,53,1,0,1,0,1,0,0,53,2024-08-14,2026-09-18
CM,NSE,STK,YZ,215,227,2,0,2,0,3,0,0,227,2024-07-08,2026-09-18
CM,NSE,STK,Z0,42,42,1,0,1,0,1,0,0,42,2024-10-22,2026-07-24
CM,NSE,STK,Z2,59,59,2,0,2,0,4,0,0,59,2024-07-08,2026-03-27
CM,NSE,STK,Z3,69,69,1,0,1,0,2,0,0,69,2024-07-10,2025-09-10
CM,NSE,STK,Z4,31,31,2,0,2,0,2,0,0,31,2024-07-08,2026-08-19
CM,NSE,STK,Z5,221,235,2,0,2,0,3,0,0,235,2024-07-10,2026-07-30
CM,NSE,STK,Z6,43,43,2,0,2,0,2,0,0,43,2024-10-08,2026-09-17
CM,NSE,STK,Z7,70,70,1,0,1,0,2,0,0,70,2024-07-10,2026-09-16
CM,NSE,STK,Z8,230,244,3,0,3,0,4,0,0,244,2024-07-08,2026-09-18
CM,NSE,STK,Z9,208,230,2,0,2,0,3,0,0,230,2024-07-08,2026-09-08
CM,NSE,STK,ZB,98,114,3,0,3,0,5,0,0,114,2024-07-08,2026-05-15
CM,NSE,STK,ZC,198,198,1,0,1,0,1,0,0,198,2024-07-10,2026-08-04
CM,NSE,STK,ZD,53,54,2,0,2,0,4,0,0,54,2024-07-09,2026-05-06
CM,NSE,STK,ZE,11,11,1,0,1,0,1,0,0,11,2024-07-18,2024-12-04
CM,NSE,STK,ZF,245,269,3,0,3,0,5,0,0,269,2024-07-08,2026-09-16
CM,NSE,STK,ZG,9,9,2,0,2,0,2,0,0,9,2024-09-03,2026-02-06
CM,NSE,STK,ZH,92,97,3,0,3,0,5,0,0,97,2024-07-08,2026-09-10
CM,NSE,STK,ZI,78,78,2,0,2,0,2,0,0,78,2024-07-11,2026-08-24
CM,NSE,STK,ZJ,93,94,2,0,2,0,3,0,0,94,2024-07-11,2026-09-11
CM,NSE,STK,ZK,113,122,3,0,3,0,5,0,0,122,2024-07-10,2026-09-01
CM,NSE,STK,ZL,63,67,2,0,2,0,3,0,0,67,2024-07-19,2026-09-18
CM,NSE,STK,ZM,57,57,1,0,1,0,2,0,0,57,2024-07-11,2026-09-09
CM,NSE,STK,ZN,93,99,2,0,2,0,4,0,0,99,2024-07-09,2026-09-02
CM,NSE,STK,ZO,1,1,1,0,1,0,1,0,0,1,2026-03-23,2026-03-23
CM,NSE,STK,ZP,57,57,2,0,2,0,3,0,0,57,2024-07-16,2026-08-27
CM,NSE,STK,ZQ,9,9,1,0,1,0,1,0,0,9,2025-01-21,2025-10-23
CM,NSE,STK,ZR,96,97,2,0,2,0,4,0,0,97,2024-07-08,2026-09-07
CM,NSE,STK,ZS,29,29,1,0,1,0,2,0,0,29,2024-07-10,2024-12-10
CM,NSE,STK,ZT,142,142,1,0,1,0,3,0,0,142,2024-07-18,2026-09-08
CM,NSE,STK,ZU,42,42,1,0,1,0,2,0,0,42,2024-07-25,2025-12-12
CM,NSE,STK,ZW,48,48,1,0,1,0,2,0,0,48,2024-07-23,2025-10-17
CM,NSE,STK,ZX,60,60,1,0,1,0,2,0,0,60,2024-07-11,2025-12-11
CM,NSE,STK,ZY,56,56,1,0,1,0,2,0,0,56,2024-07-24,2026-09-08
