transition,count
BE->BZ,169
BE->EQ,5653
BZ->BE,43
BZ->EQ,30
E1->X1,7
E3->E1,1
EQ->BE,5738
EQ->BZ,102
HA->NA,1
HB->NB,1
HC->NC,1
HE->NE,1
N0->N2,1
N1->N3,1
N2->N5,1
N3->N6,1
N4->N1,1
N5->N1,1
N5->N4,1
N6->N2,1
NC->N1,1
ND->N2,1
NE->N3,2
NE->N9,1
NF->N4,1
NF->NA,1
NG->N5,2
NH->N6,1
NI->N7,2
NJ->N6,1
NJ->N8,1
NK->N7,1
NK->N9,1
NL->N8,1
NL->NA,1
NM->NB,1
NN->NC,2
NO->N9,1
NQ->NB,1
NS->ND,1
NU->NF,1
NW->NH,1
NZ->NX,1
SM->BE,2
SM->EQ,156
SM->ST,869
SM->SZ,14
SO->SM,1
ST->BE,3
ST->SM,1368
ST->SZ,11
SZ->SM,3
SZ->ST,3
X1->E1,8
X2->E2,1
Y1->NY,1
Y2->NZ,1
Y5->NJ,1
Y6->NK,1
Y7->NL,1
Y8->Y1,1
Y9->NN,1
Y9->Y2,1
YA->Y3,1
YG->Y4,1
YH->Y5,1
YI->Y6,1
YJ->Y7,1
YK->Y8,1
YL->Y9,1
YM->YA,1
YN->YB,1
