isin,symbol,series,FinInstrmTp
IN0020030022,613GS2028,GS,STK
IN0020190388,SGBOCT27VI,GB,STK
IN0020200112,522GS2025,GS,STK
IN0020200278,515GS2025,GS,STK
IN0020210202,695GS2061,GS,STK
IN002023Y524,182D120924,TB,STK
IN002023Y532,182D190924,TB,STK
IN002023Z208,364D080824,TB,STK
IN002023Z281,364D270924,TB,STK
IN002023Z315,364D171024,TB,STK
IN002023Z364,364D211124,TB,STK
IN002023Z562,364D270325,TB,STK
IN0020240019,71GS2034,GS,STK
IN0020240076,702GS2031,GS,STK
IN002024Y043,182D241024,TB,STK
IN002024Z040,364D240425,TB,STK
IN002024Z099,364D290525,TB,STK
IN1020220589,75AP28,SG,STK
IN1020230422,744AP33,SG,STK
IN1220220074,754AS28,SG,STK
IN1520220063,777GJ32,SG,STK
IN1520230039,718GJ28,SG,STK
IN1620220302,757HR30,SG,STK
IN4520220315,759TS37,SG,STK
INE00QS24019,IMC1,N0,STK
INE00QS24027,IMC1,N2,STK
INE00QS24035,IMC1,N3,STK
INE00QS24043,IMC1,N1,STK
INE013901017,SAHAJ,SM,STK
INE023M01027,SETUINFRA,BZ,STK
INE027E07972,935LTF29,N5,STK
INE02EE01019,IPSL,SM,STK
INE031A07865,751HUDCO28,N5,STK
INE033B01011,QUINTEGRA,BE,STK
INE039A07843,94IFCI25,NL,STK
INE048C01025,VHLTD,BE,STK
INE053F07827,732IRFC25,NI,STK
INE053F07892,729IRFC26,NN,STK
INE070C01037,COMPINFO,BZ,STK
INE075B01020,SICALLOG,BE,STK
INE08KD01015,ASCOM,ST,STK
INE098201036,VCL,BE,STK
INE09EO04017,AARTISURF,P1,STK
INE0H7R23014,NHIT,IV,STK
INE0KTW01013,VEEKAYEM,SM,STK
INE0O6N01012,AGUL,SM,STK
INE0OIP01012,MONOPHARMA,SM,STK
INE0P1P01017,MARINETRAN,SM,STK
INE0PLZ01012,SUNREST,SM,STK
INE104Y01012,MANAV,SM,STK
INE105Y01019,MPTODAY,SM,STK
INE134E07349,736PFCL28,N2,STK
INE136T01014,AHIMSA,ST,STK
INE140A07740,905PEL26,N1,STK
INE148I07KJ9,82IHFL24,NO,STK
INE148I07LE8,889IHFL27,YC,STK
INE148I07MB2,847IHFL25,Z2,STK
INE148I07NT2,965IHFL25,AB,STK
INE148I07OO1,IBHFZC25B,AT,STK
INE148I07OP8,948IHFL26I,AX,STK
INE148I07OR4,990IHFL26I,AV,STK
INE148I07RP1,980IHFL33D,YG,STK
INE148I07SQ7,1025IHF34,Z8,STK
INE148I07TE1,965IHFL26A,ZB,STK
INE148I07TF8,99IHFL27,ZH,STK
INE148I07TP7,1075IHF34,ZR,STK
INE161G01027,MORARJEE,BE,STK
INE191I01012,HDIL,BZ,STK
INE216H01027,EDUCOMP,BZ,STK
INE220J01025,FCONSUMER,BE,STK
INE224M01013,BGLOBAL,BZ,STK
INE244L07416,985ICCL28,NO,STK
INE275F01019,UNIVAFOODS,BE,STK
INE286H01012,VISASTEEL,BE,STK
INE287Z01012,GAYAHWS,BE,STK
INE293A01013,ROLTA,BZ,STK
INE330H01018,RCOM,BE,STK
INE333I01036,NTL,BE,STK
INE338I07156,0MOFSL26,N1,STK
INE413U07228,960ISFL25,N1,STK
INE413U07236,957ISFL26,N2,STK
INE413U07335,960IIFLS26,N9,STK
INE425B01027,BCG,BZ,STK
INE429F01012,SKIL,BZ,STK
INE474E20029,BHANDA-RE1,BE,STK
INE477L07AL3,825IIFL25,N7,STK
INE477L07AP4,IIFLHFZC27,NB,STK
INE511C07706,829PFL29,N6,STK
INE511C07714,85PFL26A,N7,STK
INE516Y07410,875PCHFL26,N8,STK
INE528S07128,925ERFL28,N6,STK
INE530B07302,IIFLZC25A,NP,STK
INE530B07336,835IFL25,NV,STK
INE530B07393,IIFLZC25B,NW,STK
INE534A01028,GFSTEELS,BE,STK
INE551Q01028,VSCL,ST,STK
INE583D07307,1035UCL24,N6,STK
INE651C01018,LAKPRE,BZ,STK
INE669A01022,INFOMEDIA,BE,STK
INE670B01028,GANGOTRI,BZ,STK
INE721A07NU1,903SFL28,YI,STK
INE721A07PE0,97SFL26,Z9,STK
INE721A07PG5,SFLZC24A,ZB,STK
INE733E07JU6,736NTPC25D,NB,STK
INE741K07504,CAGL27A,N6,STK
INE741K07579,970CAGL28,ND,STK
INE752P01024,FRETAIL,BZ,STK
INE774D08LU6,872MMFSL26,N1,STK
INE782L01012,SANCO,BZ,STK
INE802W01023,BOHRAIND,BZ,STK
INE817A01019,MELSTAR,BZ,STK
INE831Q01016,BKMINDST,BZ,STK
INE849L01019,ORTEL,BZ,STK
INE861A01058,VISESHINFO,BZ,STK
INE866I08311,IIFLZC25,ND,STK
INE890C01046,SANWARIA,BZ,STK
INE899L01030,UEL,BE,STK
INE906B07DE1,850NHAI29,N5,STK
INE906B07EN0,729NHAI26,NC,STK
INE952A01022,HINDNATGLS,BE,STK
INE981B01011,CMICABLES,BZ,STK
INF200KB1217,SBISILVER,EQ,STK
