date,file,rows,blank_isin_rows,valid_isin_rows,invalid_isin_rows,distinct_valid_isin,distinct_symbols,symbol_series_duplicate_rows,rows_symbol_RE_prefix,rows_symbol_RE_dash_or_space,rows_symbol_EXACT_RE
2024-07-01,cm01JUL2024bhav.csv.zip,2837,0,2466,371,2465,2830,0,21,0,0
2024-06-12,cm12JUN2024bhav.csv.zip,2757,0,2387,370,2387,2752,0,20,0,0
2024-06-19,cm19JUN2024bhav.csv.zip,2778,0,2408,370,2405,2769,0,19,0,0
2024-06-25,cm25JUN2024bhav.csv.zip,2761,0,2392,369,2390,2753,0,20,0,0
2024-06-27,cm27JUN2024bhav.csv.zip,2762,0,2393,369,2392,2756,0,20,0,0
2024-07-03,cm03JUL2024bhav.csv.zip,2800,0,2431,369,2431,2794,0,20,0,0
2024-04-22,cm22APR2024bhav.csv.zip,2765,0,2399,366,2399,2639,0,23,0,0
2024-06-26,cm26JUN2024bhav.csv.zip,2751,0,2386,365,2383,2743,0,21,0,0
2024-06-04,cm04JUN2024bhav.csv.zip,2757,0,2393,364,2392,2751,0,19,0,0
2024-06-28,cm28JUN2024bhav.csv.zip,2765,0,2401,364,2398,2758,0,20,0,0
2024-04-05,cm05APR2024bhav.csv.zip,2730,0,2367,363,2367,2592,0,22,0,0
2024-05-21,cm21MAY2024bhav.csv.zip,2793,0,2430,363,2430,2788,0,19,0,0
2024-06-03,cm03JUN2024bhav.csv.zip,2806,0,2443,363,2442,2802,0,20,0,0
2024-06-05,cm05JUN2024bhav.csv.zip,2774,0,2411,363,2411,2771,0,19,0,0
2024-07-02,cm02JUL2024bhav.csv.zip,2794,0,2431,363,2431,2791,0,21,0,0
2024-03-27,cm27MAR2024bhav.csv.zip,2729,0,2368,361,2366,2597,0,21,0,0
2024-05-02,cm02MAY2024bhav.csv.zip,2769,0,2408,361,2407,2628,0,24,0,0
2024-06-13,cm13JUN2024bhav.csv.zip,2778,0,2417,361,2416,2772,0,20,0,0
2024-06-18,cm18JUN2024bhav.csv.zip,2810,0,2449,361,2445,2800,0,20,0,0
2024-06-20,cm20JUN2024bhav.csv.zip,2774,0,2413,361,2411,2766,0,20,0,0
2024-06-24,cm24JUN2024bhav.csv.zip,2796,0,2435,361,2433,2792,0,19,0,0
2024-05-06,cm06MAY2024bhav.csv.zip,2764,0,2405,359,2405,2753,0,20,0,0
2024-06-10,cm10JUN2024bhav.csv.zip,2799,0,2440,359,2440,2794,0,19,0,0
2024-07-04,cm04JUL2024bhav.csv.zip,2792,0,2434,358,2434,2788,0,21,0,0
2024-04-04,cm04APR2024bhav.csv.zip,2713,0,2356,357,2355,2584,0,23,0,0
2024-05-30,cm30MAY2024bhav.csv.zip,2707,0,2350,357,2350,2704,0,20,0,0
2024-07-05,cm05JUL2024bhav.csv.zip,2775,0,2418,357,2418,2772,0,21,0,0
2024-05-03,cm03MAY2024bhav.csv.zip,2740,0,2384,356,2383,2594,0,23,0,0
2024-05-07,cm07MAY2024bhav.csv.zip,2733,0,2377,356,2377,2723,0,20,0,0
2024-05-22,cm22MAY2024bhav.csv.zip,2735,0,2379,356,2378,2730,0,19,0,0
2024-05-24,cm24MAY2024bhav.csv.zip,2749,0,2393,356,2393,2745,0,19,0,0
2024-06-11,cm11JUN2024bhav.csv.zip,2758,0,2402,356,2400,2751,0,20,0,0
2024-06-14,cm14JUN2024bhav.csv.zip,2764,0,2408,356,2404,2755,0,20,0,0
2024-04-01,cm01APR2024bhav.csv.zip,2746,0,2391,355,2391,2614,0,20,0,0
2024-04-12,cm12APR2024bhav.csv.zip,2728,0,2373,355,2373,2588,0,22,0,0
2024-04-15,cm15APR2024bhav.csv.zip,2757,0,2402,355,2402,2624,0,23,0,0
2024-05-27,cm27MAY2024bhav.csv.zip,2783,0,2428,355,2427,2775,0,20,0,0
2024-03-14,cm14MAR2024bhav.csv.zip,2718,0,2364,354,2363,2584,0,22,0,0
2024-04-26,cm26APR2024bhav.csv.zip,2730,0,2376,354,2374,2588,0,22,0,0
2024-05-08,cm08MAY2024bhav.csv.zip,2713,0,2359,354,2359,2708,0,18,0,0
2024-05-13,cm13MAY2024bhav.csv.zip,2744,0,2390,354,2390,2738,0,18,0,0
2024-05-16,cm16MAY2024bhav.csv.zip,2710,0,2356,354,2355,2703,0,19,0,0
2024-05-23,cm23MAY2024bhav.csv.zip,2732,0,2378,354,2376,2724,0,18,0,0
2024-06-06,cm06JUN2024bhav.csv.zip,2743,0,2389,354,2388,2737,0,18,0,0
2024-05-31,cm31MAY2024bhav.csv.zip,2736,0,2383,353,2383,2730,0,20,0,0
2024-05-28,cm28MAY2024bhav.csv.zip,2717,0,2365,352,2365,2713,0,19,0,0
2024-06-21,cm21JUN2024bhav.csv.zip,2746,0,2394,352,2393,2739,0,19,0,0
2024-03-26,cm26MAR2024bhav.csv.zip,2744,0,2393,351,2393,2607,0,23,0,0
2024-05-17,cm17MAY2024bhav.csv.zip,2731,0,2380,351,2379,2724,0,20,0,0
2024-04-25,cm25APR2024bhav.csv.zip,2712,0,2362,350,2362,2590,0,22,0,0
2024-04-29,cm29APR2024bhav.csv.zip,2767,0,2417,350,2417,2634,0,22,0,0
2024-04-08,cm08APR2024bhav.csv.zip,2725,0,2376,349,2375,2599,0,21,0,0
2024-04-24,cm24APR2024bhav.csv.zip,2718,0,2369,349,2368,2589,0,22,0,0
2024-03-13,cm13MAR2024bhav.csv.zip,2692,0,2345,347,2345,2567,0,20,0,0
2024-03-22,cm22MAR2024bhav.csv.zip,2704,0,2357,347,2353,2569,0,20,0,0
2024-04-18,cm18APR2024bhav.csv.zip,2730,0,2383,347,2383,2585,0,23,0,0
2024-04-23,cm23APR2024bhav.csv.zip,2743,0,2396,347,2376,2595,0,23,0,0
2024-04-30,cm30APR2024bhav.csv.zip,2758,0,2411,347,2411,2609,0,22,0,0
2024-05-14,cm14MAY2024bhav.csv.zip,2702,0,2355,347,2355,2698,0,19,0,0
2024-05-29,cm29MAY2024bhav.csv.zip,2719,0,2373,346,2372,2712,0,18,0,0
2024-03-18,cm18MAR2024bhav.csv.zip,2721,0,2376,345,2375,2587,0,22,0,0
2024-03-19,cm19MAR2024bhav.csv.zip,2706,0,2361,345,2360,2568,0,25,0,0
2024-03-28,cm28MAR2024bhav.csv.zip,2716,0,2371,345,2355,2578,0,21,0,0
2024-05-09,cm09MAY2024bhav.csv.zip,2704,0,2359,345,2359,2697,0,18,0,0
2024-02-26,cm26FEB2024bhav.csv.zip,2719,0,2375,344,2375,2582,0,22,0,0
2024-04-03,cm03APR2024bhav.csv.zip,2731,0,2387,344,2385,2581,0,23,0,0
2024-04-16,cm16APR2024bhav.csv.zip,2727,0,2383,344,2383,2593,0,25,0,0
2024-05-15,cm15MAY2024bhav.csv.zip,2706,0,2362,344,2361,2702,0,18,0,0
2024-06-07,cm07JUN2024bhav.csv.zip,2755,0,2411,344,2411,2752,0,19,0,0
2024-04-19,cm19APR2024bhav.csv.zip,2719,0,2376,343,2375,2580,0,23,0,0
2024-03-07,cm07MAR2024bhav.csv.zip,2704,0,2362,342,2355,2564,0,23,0,0
2024-03-12,cm12MAR2024bhav.csv.zip,2712,0,2370,342,2369,2570,0,22,0,0
2024-05-10,cm10MAY2024bhav.csv.zip,2710,0,2368,342,2367,2706,0,18,0,0
2024-02-05,cm05FEB2024bhav.csv.zip,2752,0,2411,341,2411,2589,0,23,0,0
2024-03-11,cm11MAR2024bhav.csv.zip,2746,0,2405,341,2405,2594,0,24,0,0
2024-03-20,cm20MAR2024bhav.csv.zip,2694,0,2354,340,2353,2557,0,22,0,0
2024-04-02,cm02APR2024bhav.csv.zip,2725,0,2385,340,2383,2591,0,23,0,0
2024-04-10,cm10APR2024bhav.csv.zip,2709,0,2369,340,2369,2576,0,22,0,0
2024-02-28,cm28FEB2024bhav.csv.zip,2668,0,2329,339,2326,2540,0,23,0,0
2024-04-09,cm09APR2024bhav.csv.zip,2697,0,2358,339,2352,2559,0,21,0,0
2024-02-23,cm23FEB2024bhav.csv.zip,2667,0,2330,337,2330,2533,0,24,0,0
2024-03-06,cm06MAR2024bhav.csv.zip,2691,0,2354,337,2352,2555,0,22,0,0
2024-01-29,cm29JAN2024bhav.csv.zip,2686,0,2350,336,2349,2546,0,22,0,0
2024-03-01,cm01MAR2024bhav.csv.zip,2694,0,2358,336,2357,2559,0,25,0,0
2024-03-05,cm05MAR2024bhav.csv.zip,2692,0,2356,336,2355,2556,0,20,0,0
2024-02-12,cm12FEB2024bhav.csv.zip,2710,0,2375,335,2374,2566,0,21,0,0
2024-03-15,cm15MAR2024bhav.csv.zip,2681,0,2348,333,2348,2549,0,21,0,0
2024-02-06,cm06FEB2024bhav.csv.zip,2673,0,2341,332,2341,2532,0,22,0,0
2024-02-22,cm22FEB2024bhav.csv.zip,2654,0,2322,332,2322,2533,0,21,0,0
2024-03-04,cm04MAR2024bhav.csv.zip,2709,0,2377,332,2377,2580,0,21,0,0
2024-02-14,cm14FEB2024bhav.csv.zip,2651,0,2320,331,2318,2530,0,21,0,0
2024-02-19,cm19FEB2024bhav.csv.zip,2705,0,2374,331,2374,2566,0,23,0,0
2024-02-16,cm16FEB2024bhav.csv.zip,2663,0,2333,330,2333,2528,0,23,0,0
2024-01-23,cm23JAN2024bhav.csv.zip,2683,0,2354,329,2354,2549,0,25,0,0
2024-03-21,cm21MAR2024bhav.csv.zip,2698,0,2369,329,2369,2564,0,23,0,0
2024-01-19,cm19JAN2024bhav.csv.zip,2628,0,2300,328,2300,2507,0,24,0,0
2024-02-01,cm01FEB2024bhav.csv.zip,2661,0,2333,328,2333,2523,0,22,0,0
2024-02-09,cm09FEB2024bhav.csv.zip,2661,0,2333,328,2333,2522,0,24,0,0
2024-02-13,cm13FEB2024bhav.csv.zip,2658,0,2330,328,2330,2521,0,23,0,0
2024-02-21,cm21FEB2024bhav.csv.zip,2645,0,2317,328,2315,2527,0,22,0,0
