SctySrs,row_count,archive_count
AB,35,35
AC,13,13
AG,29,29
AH,49,49
AI,61,61
AJ,66,66
AK,55,55
AL,32,32
AN,174,174
AO,9,9
AP,61,61
AR,53,53
AT,72,72
AV,28,28
AW,5,5
AX,85,85
AY,73,73
AZ,54,54
BC,96,96
BE,124258,543
BF,63,63
BI,74,74
BL,856,279
BS,79,79
BV,96,96
BX,6,6
BZ,15931,543
E1,3051,543
EQ,1188443,543
GB,26539,543
GS,24931,543
IT,4,4
IV,4366,543
MF,217,201
N0,6100,542
N1,4778,543
N2,4941,543
N3,2445,542
N4,3217,543
N5,4079,543
N6,4933,543
N7,3142,543
N8,3209,543
N9,2463,543
NA,3666,543
NB,1500,533
NC,2494,542
ND,2494,543
NE,2917,543
NF,1756,543
NG,637,417
NH,1160,506
NI,784,481
NJ,1790,543
NK,904,520
NL,1114,533
NM,782,462
NN,1168,526
NO,843,502
NP,115,113
NQ,161,151
NR,693,520
NS,1003,535
NT,466,364
NU,298,263
NV,364,287
NW,271,228
NX,386,291
NY,122,120
NZ,777,490
P1,641,508
RR,2529,543
SF,5,5
SG,2615,511
SM,162854,543
ST,58197,543
SZ,480,364
T0,209,110
TB,7392,543
W1,45,45
X1,350,279
Y0,276,258
Y1,367,319
Y2,63,63
Y3,159,151
Y4,94,94
Y5,254,219
Y6,122,122
Y7,109,97
Y8,97,90
Y9,83,83
YA,156,140
YB,17,17
YC,159,147
YG,44,44
YH,9,9
YI,378,360
YK,63,63
YL,340,340
YM,178,165
YN,51,51
YO,88,88
YP,274,269
YQ,39,39
YR,122,116
YS,199,199
YT,189,174
YV,29,29
YW,309,293
YX,16,16
YY,53,53
YZ,227,215
Z0,42,42
Z2,59,59
Z3,69,69
Z4,31,31
Z5,235,221
Z6,43,43
Z7,70,70
Z8,244,230
Z9,230,208
ZB,114,98
ZC,198,198
ZD,54,53
ZE,11,11
ZF,269,245
ZG,9,9
ZH,97,92
ZI,78,78
ZJ,94,93
ZK,122,113
ZL,67,63
ZM,57,57
ZN,99,93
ZO,1,1
ZP,57,57
ZQ,9,9
ZR,97,96
ZS,29,29
ZT,142,142
ZU,42,42
ZW,48,48
ZX,60,60
ZY,56,56
