isin,symbol,series,close
IN0020040039,75GS2034,GS,104.7
IN0020060078,824GS2027,GS,105.96
IN0020110048,915GS2024,GS,102
IN0020160068,706GS2046,GS,99.05
IN0020170075,SGBOCT25V,GB,7408.5
IN0020180314,SGBNOV26,GB,7639
IN0020180389,SGBDEC26,GB,7639
IN0020190065,757GS2033,GS,106.25
IN0020190115,SGBSEP27,GB,7465
IN0020190396,618GS2024,GS,100.61
IN0020190545,SGBFEB28IX,GB,7511
IN0020200096,619GS2034,GS,96.05
IN0020200153,577GS2030,GS,95
IN0020200187,68GS2060,GS,96.01
IN0020210095,610GS2031,GS,94.96
IN0020210152,667GS2035,GS,96.24
IN0020230127,746GS2073,GS,106.49
IN002023Y425,182D110724,TB,99.77
IN002023Z505,364D200225,TB,95.6
IN0020240027,723GS2039,GS,102.7
IN0020240043,702GS2027,GS,100.95
IN002024Y027,182D111024,TB,97.9
IN002024Z032,364D180425,TB,94.32
IN002024Z115,364D120625,TB,93.7
IN2820230216,777PN36,SG,93
INE00NI01015,UCL,SM,65.95
INE020B07HT0,862REC33,NA,1285
INE027E07BA2,829LTF24,NL,1003
INE031A07AB2,901HUDCO34,NE,1311
INE053F07579,734IRFC28,N4,1119.74
INE053F07843,750IRFC35,NK,1222.9
INE0G1D01014,MEGAFLEX,SM,39.5
INE0GN101014,DKEGL,SM,81.9
INE0HS001010,COOLCAPS,SM,338
INE0LVM01018,GRCL,SM,345
INE0N7F01017,HOMESFY,ST,700
INE0O1M01015,QFIL,SM,110.6
INE0OJM01017,MASTER,SM,353.75
INE0P1Q01015,SERVICE,SM,58.8
INE0PC901019,BIRDYS,SM,80
INE0QBU01012,CPS,ST,270
INE121A07RH2,925IHFL25D,N6,1056
INE140A07757,9PEL25,N0,1019.81
INE140A07765,920PEL28,N2,1045.74
INE148I07KP6,975IHFL28,NT,950
INE148I07LW0,905IHF24,YV,1062.35
INE148I07MJ5,955IHFL27,Z5,963
INE148I07OD4,965IBHFL25,AG,1080.01
INE148I07OM5,950NFL23A,AP,1055
INE148I07PT7,1075IHF33A,N2,989
INE148I07TC5,925IHFL26D,ZD,953
INE219X07264,82IGT31,NJ,1010
INE239T01016,KKVAPOW,SM,1063.25
INE244L07168,96SFL24A,NB,939
INE244L07283,1030ICCL28,NM,994
INE321N07301,945IFSL25,N4,994
INE338I07099,0MOFSL27,N3,990
INE342T07205,94NFL24,N3,994
INE342T07403,1102NFL26,N8,1005
INE342T07478,10NFL25,N9,990
INE375Y01018,RELIABLE,SM,48.7
INE376Y01016,MILTON,SM,44.4
INE477L07AR0,875IHFL29,ND,924
INE516Y07402,85PCHFL24,N6,1073.33
INE528S07110,888ERFL28,N5,898.2
INE530B07369,IIFLZC28B,Y1,945
INE530B07377,9IIFL28,Y0,910
INE557F07181,893NHB29,N6,5800
INE583D07414,1025UCL25,N8,999
INE583D07455,11UCL26,NC,1015.39
INE614X07365,11DLSL25,NV,1025.79
INE614X07381,1049DLSL25,NX,998
INE721A07NX5,94SFL28,YL,1037
INE721A07ON4,957ICCL25,YW,1050
INE721A07PA8,931SFL26,Z5,1010
INE733E07JT8,737NTPC35C,NA,1060
INE741K07496,10CAGL27,N5,1015
INE741K07595,925CAGL26,N9,1003.3
INE774D08MG3,M&MFIN,N3,2048
INE792X01016,TRANSWIND,SM,22
INE848E07567,892NHPC33,N6,1291.5
INE860H07IQ0,8ABFL26,N0,1022.01
INE906B07EO8,739NHAI31A,ND,1238
